,stc,snr,jitter,method,accuracy,fold
0,sine,0,0.1,CBLE-median,0.9,0
1,sine,0,0.1,CBLE-median,0.95,1
2,sine,0,0.1,CBLE-median,0.95,2
3,sine,0,0.1,CBLE-median,1.0,3
4,sine,0,0.1,CBLE-median,1.0,4
5,sine,0,0.1,CBLE-median,0.9,5
6,sine,0,0.1,CBLE-median,0.95,6
7,sine,0,0.1,CBLE-median,1.0,7
8,sine,0,0.1,CBLE-median,0.95,8
9,sine,0,0.1,CBLE-median,1.0,9
10,sine,0,0.1,WCBLE-median,1.0,0
11,sine,0,0.1,WCBLE-median,1.0,1
12,sine,0,0.1,WCBLE-median,1.0,2
13,sine,0,0.1,WCBLE-median,1.0,3
14,sine,0,0.1,WCBLE-median,1.0,4
15,sine,0,0.1,WCBLE-median,1.0,5
16,sine,0,0.1,WCBLE-median,1.0,6
17,sine,0,0.1,WCBLE-median,1.0,7
18,sine,0,0.1,WCBLE-median,1.0,8
19,sine,0,0.1,WCBLE-median,1.0,9
20,sine,0,0.2,CBLE-median,0.9,0
21,sine,0,0.2,CBLE-median,0.85,1
22,sine,0,0.2,CBLE-median,1.0,2
23,sine,0,0.2,CBLE-median,0.95,3
24,sine,0,0.2,CBLE-median,1.0,4
25,sine,0,0.2,CBLE-median,0.85,5
26,sine,0,0.2,CBLE-median,0.9,6
27,sine,0,0.2,CBLE-median,0.95,7
28,sine,0,0.2,CBLE-median,0.95,8
29,sine,0,0.2,CBLE-median,0.85,9
30,sine,0,0.2,WCBLE-median,0.9,0
31,sine,0,0.2,WCBLE-median,0.95,1
32,sine,0,0.2,WCBLE-median,0.95,2
33,sine,0,0.2,WCBLE-median,0.95,3
34,sine,0,0.2,WCBLE-median,1.0,4
35,sine,0,0.2,WCBLE-median,0.85,5
36,sine,0,0.2,WCBLE-median,0.95,6
37,sine,0,0.2,WCBLE-median,1.0,7
38,sine,0,0.2,WCBLE-median,1.0,8
39,sine,0,0.2,WCBLE-median,0.95,9
40,sine,0,0.3,CBLE-median,0.9,0
41,sine,0,0.3,CBLE-median,0.75,1
42,sine,0,0.3,CBLE-median,0.95,2
43,sine,0,0.3,CBLE-median,0.75,3
44,sine,0,0.3,CBLE-median,0.9,4
45,sine,0,0.3,CBLE-median,0.85,5
46,sine,0,0.3,CBLE-median,0.85,6
47,sine,0,0.3,CBLE-median,0.8,7
48,sine,0,0.3,CBLE-median,0.85,8
49,sine,0,0.3,CBLE-median,0.75,9
50,sine,0,0.3,WCBLE-median,0.7,0
51,sine,0,0.3,WCBLE-median,0.95,1
52,sine,0,0.3,WCBLE-median,0.95,2
53,sine,0,0.3,WCBLE-median,0.95,3
54,sine,0,0.3,WCBLE-median,1.0,4
55,sine,0,0.3,WCBLE-median,0.8,5
56,sine,0,0.3,WCBLE-median,0.95,6
57,sine,0,0.3,WCBLE-median,1.0,7
58,sine,0,0.3,WCBLE-median,0.8,8
59,sine,0,0.3,WCBLE-median,0.85,9
60,sine,-1,0.1,CBLE-median,0.9,0
61,sine,-1,0.1,CBLE-median,0.95,1
62,sine,-1,0.1,CBLE-median,0.95,2
63,sine,-1,0.1,CBLE-median,1.0,3
64,sine,-1,0.1,CBLE-median,1.0,4
65,sine,-1,0.1,CBLE-median,0.9,5
66,sine,-1,0.1,CBLE-median,0.95,6
67,sine,-1,0.1,CBLE-median,1.0,7
68,sine,-1,0.1,CBLE-median,0.95,8
69,sine,-1,0.1,CBLE-median,1.0,9
70,sine,-1,0.1,WCBLE-median,1.0,0
71,sine,-1,0.1,WCBLE-median,1.0,1
72,sine,-1,0.1,WCBLE-median,1.0,2
73,sine,-1,0.1,WCBLE-median,1.0,3
74,sine,-1,0.1,WCBLE-median,1.0,4
75,sine,-1,0.1,WCBLE-median,1.0,5
76,sine,-1,0.1,WCBLE-median,1.0,6
77,sine,-1,0.1,WCBLE-median,1.0,7
78,sine,-1,0.1,WCBLE-median,1.0,8
79,sine,-1,0.1,WCBLE-median,1.0,9
80,sine,-1,0.2,CBLE-median,0.9,0
81,sine,-1,0.2,CBLE-median,0.85,1
82,sine,-1,0.2,CBLE-median,1.0,2
83,sine,-1,0.2,CBLE-median,0.95,3
84,sine,-1,0.2,CBLE-median,0.95,4
85,sine,-1,0.2,CBLE-median,0.85,5
86,sine,-1,0.2,CBLE-median,0.9,6
87,sine,-1,0.2,CBLE-median,0.95,7
88,sine,-1,0.2,CBLE-median,0.95,8
89,sine,-1,0.2,CBLE-median,0.85,9
90,sine,-1,0.2,WCBLE-median,0.9,0
91,sine,-1,0.2,WCBLE-median,0.95,1
92,sine,-1,0.2,WCBLE-median,0.95,2
93,sine,-1,0.2,WCBLE-median,0.95,3
94,sine,-1,0.2,WCBLE-median,1.0,4
95,sine,-1,0.2,WCBLE-median,0.85,5
96,sine,-1,0.2,WCBLE-median,0.95,6
97,sine,-1,0.2,WCBLE-median,1.0,7
98,sine,-1,0.2,WCBLE-median,0.9,8
99,sine,-1,0.2,WCBLE-median,0.95,9
100,sine,-1,0.3,CBLE-median,0.95,0
101,sine,-1,0.3,CBLE-median,0.75,1
102,sine,-1,0.3,CBLE-median,0.95,2
103,sine,-1,0.3,CBLE-median,0.7,3
104,sine,-1,0.3,CBLE-median,0.9,4
105,sine,-1,0.3,CBLE-median,0.85,5
106,sine,-1,0.3,CBLE-median,0.85,6
107,sine,-1,0.3,CBLE-median,0.75,7
108,sine,-1,0.3,CBLE-median,0.85,8
109,sine,-1,0.3,CBLE-median,0.75,9
110,sine,-1,0.3,WCBLE-median,0.65,0
111,sine,-1,0.3,WCBLE-median,0.9,1
112,sine,-1,0.3,WCBLE-median,0.95,2
113,sine,-1,0.3,WCBLE-median,0.9,3
114,sine,-1,0.3,WCBLE-median,1.0,4
115,sine,-1,0.3,WCBLE-median,0.7,5
116,sine,-1,0.3,WCBLE-median,0.9,6
117,sine,-1,0.3,WCBLE-median,1.0,7
118,sine,-1,0.3,WCBLE-median,0.8,8
119,sine,-1,0.3,WCBLE-median,0.85,9
120,sine,-2,0.1,CBLE-median,0.9,0
121,sine,-2,0.1,CBLE-median,0.95,1
122,sine,-2,0.1,CBLE-median,0.95,2
123,sine,-2,0.1,CBLE-median,1.0,3
124,sine,-2,0.1,CBLE-median,1.0,4
125,sine,-2,0.1,CBLE-median,0.9,5
126,sine,-2,0.1,CBLE-median,0.95,6
127,sine,-2,0.1,CBLE-median,1.0,7
128,sine,-2,0.1,CBLE-median,0.95,8
129,sine,-2,0.1,CBLE-median,1.0,9
130,sine,-2,0.1,WCBLE-median,1.0,0
131,sine,-2,0.1,WCBLE-median,1.0,1
132,sine,-2,0.1,WCBLE-median,1.0,2
133,sine,-2,0.1,WCBLE-median,1.0,3
134,sine,-2,0.1,WCBLE-median,1.0,4
135,sine,-2,0.1,WCBLE-median,1.0,5
136,sine,-2,0.1,WCBLE-median,1.0,6
137,sine,-2,0.1,WCBLE-median,1.0,7
138,sine,-2,0.1,WCBLE-median,1.0,8
139,sine,-2,0.1,WCBLE-median,1.0,9
140,sine,-2,0.2,CBLE-median,0.9,0
141,sine,-2,0.2,CBLE-median,0.85,1
142,sine,-2,0.2,CBLE-median,1.0,2
143,sine,-2,0.2,CBLE-median,0.95,3
144,sine,-2,0.2,CBLE-median,0.95,4
145,sine,-2,0.2,CBLE-median,0.85,5
146,sine,-2,0.2,CBLE-median,0.9,6
147,sine,-2,0.2,CBLE-median,0.95,7
148,sine,-2,0.2,CBLE-median,0.9,8
149,sine,-2,0.2,CBLE-median,0.85,9
150,sine,-2,0.2,WCBLE-median,0.9,0
151,sine,-2,0.2,WCBLE-median,0.95,1
152,sine,-2,0.2,WCBLE-median,1.0,2
153,sine,-2,0.2,WCBLE-median,0.95,3
154,sine,-2,0.2,WCBLE-median,1.0,4
155,sine,-2,0.2,WCBLE-median,0.85,5
156,sine,-2,0.2,WCBLE-median,1.0,6
157,sine,-2,0.2,WCBLE-median,1.0,7
158,sine,-2,0.2,WCBLE-median,0.9,8
159,sine,-2,0.2,WCBLE-median,0.95,9
160,sine,-2,0.3,CBLE-median,0.8,0
161,sine,-2,0.3,CBLE-median,0.65,1
162,sine,-2,0.3,CBLE-median,0.95,2
163,sine,-2,0.3,CBLE-median,0.7,3
164,sine,-2,0.3,CBLE-median,0.9,4
165,sine,-2,0.3,CBLE-median,0.85,5
166,sine,-2,0.3,CBLE-median,0.8,6
167,sine,-2,0.3,CBLE-median,0.7,7
168,sine,-2,0.3,CBLE-median,0.8,8
169,sine,-2,0.3,CBLE-median,0.7,9
170,sine,-2,0.3,WCBLE-median,0.75,0
171,sine,-2,0.3,WCBLE-median,0.85,1
172,sine,-2,0.3,WCBLE-median,0.9,2
173,sine,-2,0.3,WCBLE-median,0.9,3
174,sine,-2,0.3,WCBLE-median,0.95,4
175,sine,-2,0.3,WCBLE-median,0.8,5
176,sine,-2,0.3,WCBLE-median,0.9,6
177,sine,-2,0.3,WCBLE-median,0.95,7
178,sine,-2,0.3,WCBLE-median,0.8,8
179,sine,-2,0.3,WCBLE-median,0.85,9
180,sine,-3,0.1,CBLE-median,0.9,0
181,sine,-3,0.1,CBLE-median,0.95,1
182,sine,-3,0.1,CBLE-median,0.95,2
183,sine,-3,0.1,CBLE-median,1.0,3
184,sine,-3,0.1,CBLE-median,1.0,4
185,sine,-3,0.1,CBLE-median,0.9,5
186,sine,-3,0.1,CBLE-median,0.95,6
187,sine,-3,0.1,CBLE-median,1.0,7
188,sine,-3,0.1,CBLE-median,0.95,8
189,sine,-3,0.1,CBLE-median,1.0,9
190,sine,-3,0.1,WCBLE-median,1.0,0
191,sine,-3,0.1,WCBLE-median,1.0,1
192,sine,-3,0.1,WCBLE-median,1.0,2
193,sine,-3,0.1,WCBLE-median,1.0,3
194,sine,-3,0.1,WCBLE-median,1.0,4
195,sine,-3,0.1,WCBLE-median,1.0,5
196,sine,-3,0.1,WCBLE-median,1.0,6
197,sine,-3,0.1,WCBLE-median,1.0,7
198,sine,-3,0.1,WCBLE-median,1.0,8
199,sine,-3,0.1,WCBLE-median,1.0,9
200,sine,-3,0.2,CBLE-median,0.9,0
201,sine,-3,0.2,CBLE-median,0.85,1
202,sine,-3,0.2,CBLE-median,1.0,2
203,sine,-3,0.2,CBLE-median,0.95,3
204,sine,-3,0.2,CBLE-median,0.95,4
205,sine,-3,0.2,CBLE-median,0.85,5
206,sine,-3,0.2,CBLE-median,0.9,6
207,sine,-3,0.2,CBLE-median,0.95,7
208,sine,-3,0.2,CBLE-median,0.9,8
209,sine,-3,0.2,CBLE-median,0.8,9
210,sine,-3,0.2,WCBLE-median,0.9,0
211,sine,-3,0.2,WCBLE-median,0.95,1
212,sine,-3,0.2,WCBLE-median,1.0,2
213,sine,-3,0.2,WCBLE-median,1.0,3
214,sine,-3,0.2,WCBLE-median,1.0,4
215,sine,-3,0.2,WCBLE-median,0.85,5
216,sine,-3,0.2,WCBLE-median,1.0,6
217,sine,-3,0.2,WCBLE-median,1.0,7
218,sine,-3,0.2,WCBLE-median,0.9,8
219,sine,-3,0.2,WCBLE-median,0.95,9
220,sine,-3,0.3,CBLE-median,0.8,0
221,sine,-3,0.3,CBLE-median,0.6,1
222,sine,-3,0.3,CBLE-median,0.9,2
223,sine,-3,0.3,CBLE-median,0.7,3
224,sine,-3,0.3,CBLE-median,0.9,4
225,sine,-3,0.3,CBLE-median,0.85,5
226,sine,-3,0.3,CBLE-median,0.8,6
227,sine,-3,0.3,CBLE-median,0.7,7
228,sine,-3,0.3,CBLE-median,0.8,8
229,sine,-3,0.3,CBLE-median,0.65,9
230,sine,-3,0.3,WCBLE-median,0.75,0
231,sine,-3,0.3,WCBLE-median,0.85,1
232,sine,-3,0.3,WCBLE-median,0.95,2
233,sine,-3,0.3,WCBLE-median,0.9,3
234,sine,-3,0.3,WCBLE-median,0.95,4
235,sine,-3,0.3,WCBLE-median,0.8,5
236,sine,-3,0.3,WCBLE-median,0.85,6
237,sine,-3,0.3,WCBLE-median,0.9,7
238,sine,-3,0.3,WCBLE-median,0.7,8
239,sine,-3,0.3,WCBLE-median,0.85,9
240,sine,-4,0.1,CBLE-median,0.9,0
241,sine,-4,0.1,CBLE-median,0.95,1
242,sine,-4,0.1,CBLE-median,0.95,2
243,sine,-4,0.1,CBLE-median,1.0,3
244,sine,-4,0.1,CBLE-median,0.95,4
245,sine,-4,0.1,CBLE-median,0.9,5
246,sine,-4,0.1,CBLE-median,0.95,6
247,sine,-4,0.1,CBLE-median,1.0,7
248,sine,-4,0.1,CBLE-median,0.95,8
249,sine,-4,0.1,CBLE-median,1.0,9
250,sine,-4,0.1,WCBLE-median,1.0,0
251,sine,-4,0.1,WCBLE-median,1.0,1
252,sine,-4,0.1,WCBLE-median,1.0,2
253,sine,-4,0.1,WCBLE-median,1.0,3
254,sine,-4,0.1,WCBLE-median,1.0,4
255,sine,-4,0.1,WCBLE-median,1.0,5
256,sine,-4,0.1,WCBLE-median,1.0,6
257,sine,-4,0.1,WCBLE-median,1.0,7
258,sine,-4,0.1,WCBLE-median,1.0,8
259,sine,-4,0.1,WCBLE-median,0.95,9
260,sine,-4,0.2,CBLE-median,0.9,0
261,sine,-4,0.2,CBLE-median,0.8,1
262,sine,-4,0.2,CBLE-median,0.95,2
263,sine,-4,0.2,CBLE-median,0.95,3
264,sine,-4,0.2,CBLE-median,0.9,4
265,sine,-4,0.2,CBLE-median,0.85,5
266,sine,-4,0.2,CBLE-median,0.9,6
267,sine,-4,0.2,CBLE-median,0.95,7
268,sine,-4,0.2,CBLE-median,0.9,8
269,sine,-4,0.2,CBLE-median,0.75,9
270,sine,-4,0.2,WCBLE-median,0.9,0
271,sine,-4,0.2,WCBLE-median,0.9,1
272,sine,-4,0.2,WCBLE-median,0.95,2
273,sine,-4,0.2,WCBLE-median,1.0,3
274,sine,-4,0.2,WCBLE-median,1.0,4
275,sine,-4,0.2,WCBLE-median,0.85,5
276,sine,-4,0.2,WCBLE-median,1.0,6
277,sine,-4,0.2,WCBLE-median,1.0,7
278,sine,-4,0.2,WCBLE-median,1.0,8
279,sine,-4,0.2,WCBLE-median,0.95,9
280,sine,-4,0.3,CBLE-median,0.8,0
281,sine,-4,0.3,CBLE-median,0.6,1
282,sine,-4,0.3,CBLE-median,0.9,2
283,sine,-4,0.3,CBLE-median,0.7,3
284,sine,-4,0.3,CBLE-median,0.85,4
285,sine,-4,0.3,CBLE-median,0.85,5
286,sine,-4,0.3,CBLE-median,0.7,6
287,sine,-4,0.3,CBLE-median,0.7,7
288,sine,-4,0.3,CBLE-median,0.8,8
289,sine,-4,0.3,CBLE-median,0.65,9
290,sine,-4,0.3,WCBLE-median,0.65,0
291,sine,-4,0.3,WCBLE-median,0.85,1
292,sine,-4,0.3,WCBLE-median,0.95,2
293,sine,-4,0.3,WCBLE-median,0.9,3
294,sine,-4,0.3,WCBLE-median,0.9,4
295,sine,-4,0.3,WCBLE-median,0.8,5
296,sine,-4,0.3,WCBLE-median,0.85,6
297,sine,-4,0.3,WCBLE-median,0.85,7
298,sine,-4,0.3,WCBLE-median,0.7,8
299,sine,-4,0.3,WCBLE-median,0.85,9
300,sine,-5,0.1,CBLE-median,0.9,0
301,sine,-5,0.1,CBLE-median,0.95,1
302,sine,-5,0.1,CBLE-median,0.95,2
303,sine,-5,0.1,CBLE-median,1.0,3
304,sine,-5,0.1,CBLE-median,0.95,4
305,sine,-5,0.1,CBLE-median,0.9,5
306,sine,-5,0.1,CBLE-median,0.95,6
307,sine,-5,0.1,CBLE-median,1.0,7
308,sine,-5,0.1,CBLE-median,0.95,8
309,sine,-5,0.1,CBLE-median,1.0,9
310,sine,-5,0.1,WCBLE-median,1.0,0
311,sine,-5,0.1,WCBLE-median,1.0,1
312,sine,-5,0.1,WCBLE-median,1.0,2
313,sine,-5,0.1,WCBLE-median,1.0,3
314,sine,-5,0.1,WCBLE-median,1.0,4
315,sine,-5,0.1,WCBLE-median,1.0,5
316,sine,-5,0.1,WCBLE-median,1.0,6
317,sine,-5,0.1,WCBLE-median,1.0,7
318,sine,-5,0.1,WCBLE-median,1.0,8
319,sine,-5,0.1,WCBLE-median,0.95,9
320,sine,-5,0.2,CBLE-median,0.9,0
321,sine,-5,0.2,CBLE-median,0.75,1
322,sine,-5,0.2,CBLE-median,0.95,2
323,sine,-5,0.2,CBLE-median,0.95,3
324,sine,-5,0.2,CBLE-median,0.85,4
325,sine,-5,0.2,CBLE-median,0.85,5
326,sine,-5,0.2,CBLE-median,0.85,6
327,sine,-5,0.2,CBLE-median,0.95,7
328,sine,-5,0.2,CBLE-median,0.9,8
329,sine,-5,0.2,CBLE-median,0.75,9
330,sine,-5,0.2,WCBLE-median,0.9,0
331,sine,-5,0.2,WCBLE-median,0.95,1
332,sine,-5,0.2,WCBLE-median,0.95,2
333,sine,-5,0.2,WCBLE-median,0.95,3
334,sine,-5,0.2,WCBLE-median,1.0,4
335,sine,-5,0.2,WCBLE-median,0.85,5
336,sine,-5,0.2,WCBLE-median,0.95,6
337,sine,-5,0.2,WCBLE-median,1.0,7
338,sine,-5,0.2,WCBLE-median,1.0,8
339,sine,-5,0.2,WCBLE-median,0.95,9
340,sine,-5,0.3,CBLE-median,0.7,0
341,sine,-5,0.3,CBLE-median,0.55,1
342,sine,-5,0.3,CBLE-median,0.85,2
343,sine,-5,0.3,CBLE-median,0.65,3
344,sine,-5,0.3,CBLE-median,0.8,4
345,sine,-5,0.3,CBLE-median,0.85,5
346,sine,-5,0.3,CBLE-median,0.65,6
347,sine,-5,0.3,CBLE-median,0.7,7
348,sine,-5,0.3,CBLE-median,0.8,8
349,sine,-5,0.3,CBLE-median,0.65,9
350,sine,-5,0.3,WCBLE-median,0.6,0
351,sine,-5,0.3,WCBLE-median,0.85,1
352,sine,-5,0.3,WCBLE-median,0.95,2
353,sine,-5,0.3,WCBLE-median,0.9,3
354,sine,-5,0.3,WCBLE-median,0.9,4
355,sine,-5,0.3,WCBLE-median,0.75,5
356,sine,-5,0.3,WCBLE-median,0.85,6
357,sine,-5,0.3,WCBLE-median,0.85,7
358,sine,-5,0.3,WCBLE-median,0.7,8
359,sine,-5,0.3,WCBLE-median,0.8,9
360,sine,-6,0.1,CBLE-median,0.9,0
361,sine,-6,0.1,CBLE-median,0.95,1
362,sine,-6,0.1,CBLE-median,0.95,2
363,sine,-6,0.1,CBLE-median,0.95,3
364,sine,-6,0.1,CBLE-median,0.95,4
365,sine,-6,0.1,CBLE-median,0.95,5
366,sine,-6,0.1,CBLE-median,0.95,6
367,sine,-6,0.1,CBLE-median,1.0,7
368,sine,-6,0.1,CBLE-median,0.95,8
369,sine,-6,0.1,CBLE-median,1.0,9
370,sine,-6,0.1,WCBLE-median,1.0,0
371,sine,-6,0.1,WCBLE-median,1.0,1
372,sine,-6,0.1,WCBLE-median,1.0,2
373,sine,-6,0.1,WCBLE-median,1.0,3
374,sine,-6,0.1,WCBLE-median,1.0,4
375,sine,-6,0.1,WCBLE-median,1.0,5
376,sine,-6,0.1,WCBLE-median,1.0,6
377,sine,-6,0.1,WCBLE-median,1.0,7
378,sine,-6,0.1,WCBLE-median,1.0,8
379,sine,-6,0.1,WCBLE-median,0.95,9
380,sine,-6,0.2,CBLE-median,0.85,0
381,sine,-6,0.2,CBLE-median,0.75,1
382,sine,-6,0.2,CBLE-median,0.9,2
383,sine,-6,0.2,CBLE-median,0.95,3
384,sine,-6,0.2,CBLE-median,0.85,4
385,sine,-6,0.2,CBLE-median,0.85,5
386,sine,-6,0.2,CBLE-median,0.85,6
387,sine,-6,0.2,CBLE-median,0.95,7
388,sine,-6,0.2,CBLE-median,0.9,8
389,sine,-6,0.2,CBLE-median,0.7,9
390,sine,-6,0.2,WCBLE-median,0.85,0
391,sine,-6,0.2,WCBLE-median,0.95,1
392,sine,-6,0.2,WCBLE-median,0.95,2
393,sine,-6,0.2,WCBLE-median,0.95,3
394,sine,-6,0.2,WCBLE-median,1.0,4
395,sine,-6,0.2,WCBLE-median,0.8,5
396,sine,-6,0.2,WCBLE-median,1.0,6
397,sine,-6,0.2,WCBLE-median,1.0,7
398,sine,-6,0.2,WCBLE-median,1.0,8
399,sine,-6,0.2,WCBLE-median,0.95,9
400,sine,-6,0.3,CBLE-median,0.6,0
401,sine,-6,0.3,CBLE-median,0.55,1
402,sine,-6,0.3,CBLE-median,0.85,2
403,sine,-6,0.3,CBLE-median,0.6,3
404,sine,-6,0.3,CBLE-median,0.65,4
405,sine,-6,0.3,CBLE-median,0.85,5
406,sine,-6,0.3,CBLE-median,0.6,6
407,sine,-6,0.3,CBLE-median,0.7,7
408,sine,-6,0.3,CBLE-median,0.8,8
409,sine,-6,0.3,CBLE-median,0.65,9
410,sine,-6,0.3,WCBLE-median,0.6,0
411,sine,-6,0.3,WCBLE-median,0.85,1
412,sine,-6,0.3,WCBLE-median,0.95,2
413,sine,-6,0.3,WCBLE-median,0.9,3
414,sine,-6,0.3,WCBLE-median,0.95,4
415,sine,-6,0.3,WCBLE-median,0.75,5
416,sine,-6,0.3,WCBLE-median,0.85,6
417,sine,-6,0.3,WCBLE-median,0.85,7
418,sine,-6,0.3,WCBLE-median,0.7,8
419,sine,-6,0.3,WCBLE-median,0.85,9
420,sine,-7,0.1,CBLE-median,0.9,0
421,sine,-7,0.1,CBLE-median,0.95,1
422,sine,-7,0.1,CBLE-median,0.95,2
423,sine,-7,0.1,CBLE-median,0.95,3
424,sine,-7,0.1,CBLE-median,0.95,4
425,sine,-7,0.1,CBLE-median,0.95,5
426,sine,-7,0.1,CBLE-median,0.95,6
427,sine,-7,0.1,CBLE-median,1.0,7
428,sine,-7,0.1,CBLE-median,0.95,8
429,sine,-7,0.1,CBLE-median,0.95,9
430,sine,-7,0.1,WCBLE-median,1.0,0
431,sine,-7,0.1,WCBLE-median,1.0,1
432,sine,-7,0.1,WCBLE-median,1.0,2
433,sine,-7,0.1,WCBLE-median,1.0,3
434,sine,-7,0.1,WCBLE-median,1.0,4
435,sine,-7,0.1,WCBLE-median,1.0,5
436,sine,-7,0.1,WCBLE-median,1.0,6
437,sine,-7,0.1,WCBLE-median,1.0,7
438,sine,-7,0.1,WCBLE-median,1.0,8
439,sine,-7,0.1,WCBLE-median,0.95,9
440,sine,-7,0.2,CBLE-median,0.85,0
441,sine,-7,0.2,CBLE-median,0.75,1
442,sine,-7,0.2,CBLE-median,0.8,2
443,sine,-7,0.2,CBLE-median,0.95,3
444,sine,-7,0.2,CBLE-median,0.8,4
445,sine,-7,0.2,CBLE-median,0.85,5
446,sine,-7,0.2,CBLE-median,0.85,6
447,sine,-7,0.2,CBLE-median,0.85,7
448,sine,-7,0.2,CBLE-median,0.9,8
449,sine,-7,0.2,CBLE-median,0.7,9
450,sine,-7,0.2,WCBLE-median,0.85,0
451,sine,-7,0.2,WCBLE-median,0.95,1
452,sine,-7,0.2,WCBLE-median,0.95,2
453,sine,-7,0.2,WCBLE-median,0.9,3
454,sine,-7,0.2,WCBLE-median,0.95,4
455,sine,-7,0.2,WCBLE-median,0.8,5
456,sine,-7,0.2,WCBLE-median,1.0,6
457,sine,-7,0.2,WCBLE-median,1.0,7
458,sine,-7,0.2,WCBLE-median,1.0,8
459,sine,-7,0.2,WCBLE-median,0.9,9
460,sine,-7,0.3,CBLE-median,0.6,0
461,sine,-7,0.3,CBLE-median,0.5,1
462,sine,-7,0.3,CBLE-median,0.8,2
463,sine,-7,0.3,CBLE-median,0.55,3
464,sine,-7,0.3,CBLE-median,0.55,4
465,sine,-7,0.3,CBLE-median,0.85,5
466,sine,-7,0.3,CBLE-median,0.5,6
467,sine,-7,0.3,CBLE-median,0.7,7
468,sine,-7,0.3,CBLE-median,0.75,8
469,sine,-7,0.3,CBLE-median,0.65,9
470,sine,-7,0.3,WCBLE-median,0.65,0
471,sine,-7,0.3,WCBLE-median,0.8,1
472,sine,-7,0.3,WCBLE-median,0.95,2
473,sine,-7,0.3,WCBLE-median,0.9,3
474,sine,-7,0.3,WCBLE-median,0.9,4
475,sine,-7,0.3,WCBLE-median,0.75,5
476,sine,-7,0.3,WCBLE-median,0.85,6
477,sine,-7,0.3,WCBLE-median,0.85,7
478,sine,-7,0.3,WCBLE-median,0.65,8
479,sine,-7,0.3,WCBLE-median,0.75,9
480,sine,-8,0.1,CBLE-median,0.9,0
481,sine,-8,0.1,CBLE-median,0.95,1
482,sine,-8,0.1,CBLE-median,0.95,2
483,sine,-8,0.1,CBLE-median,0.95,3
484,sine,-8,0.1,CBLE-median,0.95,4
485,sine,-8,0.1,CBLE-median,0.95,5
486,sine,-8,0.1,CBLE-median,0.95,6
487,sine,-8,0.1,CBLE-median,1.0,7
488,sine,-8,0.1,CBLE-median,0.95,8
489,sine,-8,0.1,CBLE-median,0.95,9
490,sine,-8,0.1,WCBLE-median,0.95,0
491,sine,-8,0.1,WCBLE-median,1.0,1
492,sine,-8,0.1,WCBLE-median,1.0,2
493,sine,-8,0.1,WCBLE-median,1.0,3
494,sine,-8,0.1,WCBLE-median,1.0,4
495,sine,-8,0.1,WCBLE-median,1.0,5
496,sine,-8,0.1,WCBLE-median,1.0,6
497,sine,-8,0.1,WCBLE-median,1.0,7
498,sine,-8,0.1,WCBLE-median,1.0,8
499,sine,-8,0.1,WCBLE-median,0.95,9
500,sine,-8,0.2,CBLE-median,0.85,0
501,sine,-8,0.2,CBLE-median,0.7,1
502,sine,-8,0.2,CBLE-median,0.8,2
503,sine,-8,0.2,CBLE-median,0.95,3
504,sine,-8,0.2,CBLE-median,0.8,4
505,sine,-8,0.2,CBLE-median,0.85,5
506,sine,-8,0.2,CBLE-median,0.8,6
507,sine,-8,0.2,CBLE-median,0.8,7
508,sine,-8,0.2,CBLE-median,0.9,8
509,sine,-8,0.2,CBLE-median,0.7,9
510,sine,-8,0.2,WCBLE-median,0.85,0
511,sine,-8,0.2,WCBLE-median,0.95,1
512,sine,-8,0.2,WCBLE-median,0.9,2
513,sine,-8,0.2,WCBLE-median,0.9,3
514,sine,-8,0.2,WCBLE-median,0.95,4
515,sine,-8,0.2,WCBLE-median,0.8,5
516,sine,-8,0.2,WCBLE-median,1.0,6
517,sine,-8,0.2,WCBLE-median,1.0,7
518,sine,-8,0.2,WCBLE-median,0.85,8
519,sine,-8,0.2,WCBLE-median,0.9,9
520,sine,-8,0.3,CBLE-median,0.55,0
521,sine,-8,0.3,CBLE-median,0.5,1
522,sine,-8,0.3,CBLE-median,0.75,2
523,sine,-8,0.3,CBLE-median,0.55,3
524,sine,-8,0.3,CBLE-median,0.55,4
525,sine,-8,0.3,CBLE-median,0.85,5
526,sine,-8,0.3,CBLE-median,0.5,6
527,sine,-8,0.3,CBLE-median,0.7,7
528,sine,-8,0.3,CBLE-median,0.75,8
529,sine,-8,0.3,CBLE-median,0.6,9
530,sine,-8,0.3,WCBLE-median,0.6,0
531,sine,-8,0.3,WCBLE-median,0.85,1
532,sine,-8,0.3,WCBLE-median,0.95,2
533,sine,-8,0.3,WCBLE-median,0.9,3
534,sine,-8,0.3,WCBLE-median,0.85,4
535,sine,-8,0.3,WCBLE-median,0.75,5
536,sine,-8,0.3,WCBLE-median,0.85,6
537,sine,-8,0.3,WCBLE-median,0.85,7
538,sine,-8,0.3,WCBLE-median,0.65,8
539,sine,-8,0.3,WCBLE-median,0.8,9
540,sine,-9,0.1,CBLE-median,0.9,0
541,sine,-9,0.1,CBLE-median,0.95,1
542,sine,-9,0.1,CBLE-median,0.95,2
543,sine,-9,0.1,CBLE-median,0.9,3
544,sine,-9,0.1,CBLE-median,0.9,4
545,sine,-9,0.1,CBLE-median,0.95,5
546,sine,-9,0.1,CBLE-median,0.95,6
547,sine,-9,0.1,CBLE-median,1.0,7
548,sine,-9,0.1,CBLE-median,0.95,8
549,sine,-9,0.1,CBLE-median,0.95,9
550,sine,-9,0.1,WCBLE-median,0.95,0
551,sine,-9,0.1,WCBLE-median,1.0,1
552,sine,-9,0.1,WCBLE-median,0.95,2
553,sine,-9,0.1,WCBLE-median,1.0,3
554,sine,-9,0.1,WCBLE-median,1.0,4
555,sine,-9,0.1,WCBLE-median,1.0,5
556,sine,-9,0.1,WCBLE-median,1.0,6
557,sine,-9,0.1,WCBLE-median,1.0,7
558,sine,-9,0.1,WCBLE-median,1.0,8
559,sine,-9,0.1,WCBLE-median,0.95,9
560,sine,-9,0.2,CBLE-median,0.75,0
561,sine,-9,0.2,CBLE-median,0.65,1
562,sine,-9,0.2,CBLE-median,0.8,2
563,sine,-9,0.2,CBLE-median,0.9,3
564,sine,-9,0.2,CBLE-median,0.7,4
565,sine,-9,0.2,CBLE-median,0.85,5
566,sine,-9,0.2,CBLE-median,0.75,6
567,sine,-9,0.2,CBLE-median,0.8,7
568,sine,-9,0.2,CBLE-median,0.85,8
569,sine,-9,0.2,CBLE-median,0.7,9
570,sine,-9,0.2,WCBLE-median,0.85,0
571,sine,-9,0.2,WCBLE-median,0.95,1
572,sine,-9,0.2,WCBLE-median,0.8,2
573,sine,-9,0.2,WCBLE-median,0.9,3
574,sine,-9,0.2,WCBLE-median,1.0,4
575,sine,-9,0.2,WCBLE-median,0.8,5
576,sine,-9,0.2,WCBLE-median,1.0,6
577,sine,-9,0.2,WCBLE-median,1.0,7
578,sine,-9,0.2,WCBLE-median,0.85,8
579,sine,-9,0.2,WCBLE-median,0.9,9
580,sine,-9,0.3,CBLE-median,0.5,0
581,sine,-9,0.3,CBLE-median,0.5,1
582,sine,-9,0.3,CBLE-median,0.75,2
583,sine,-9,0.3,CBLE-median,0.45,3
584,sine,-9,0.3,CBLE-median,0.55,4
585,sine,-9,0.3,CBLE-median,0.85,5
586,sine,-9,0.3,CBLE-median,0.45,6
587,sine,-9,0.3,CBLE-median,0.6,7
588,sine,-9,0.3,CBLE-median,0.7,8
589,sine,-9,0.3,CBLE-median,0.55,9
590,sine,-9,0.3,WCBLE-median,0.6,0
591,sine,-9,0.3,WCBLE-median,0.8,1
592,sine,-9,0.3,WCBLE-median,0.8,2
593,sine,-9,0.3,WCBLE-median,0.8,3
594,sine,-9,0.3,WCBLE-median,0.85,4
595,sine,-9,0.3,WCBLE-median,0.75,5
596,sine,-9,0.3,WCBLE-median,0.8,6
597,sine,-9,0.3,WCBLE-median,0.85,7
598,sine,-9,0.3,WCBLE-median,0.6,8
599,sine,-9,0.3,WCBLE-median,0.85,9
600,sine,-10,0.1,CBLE-median,0.9,0
601,sine,-10,0.1,CBLE-median,0.95,1
602,sine,-10,0.1,CBLE-median,0.95,2
603,sine,-10,0.1,CBLE-median,0.9,3
604,sine,-10,0.1,CBLE-median,0.9,4
605,sine,-10,0.1,CBLE-median,0.95,5
606,sine,-10,0.1,CBLE-median,0.95,6
607,sine,-10,0.1,CBLE-median,1.0,7
608,sine,-10,0.1,CBLE-median,0.95,8
609,sine,-10,0.1,CBLE-median,0.95,9
610,sine,-10,0.1,WCBLE-median,0.95,0
611,sine,-10,0.1,WCBLE-median,0.95,1
612,sine,-10,0.1,WCBLE-median,0.95,2
613,sine,-10,0.1,WCBLE-median,1.0,3
614,sine,-10,0.1,WCBLE-median,1.0,4
615,sine,-10,0.1,WCBLE-median,1.0,5
616,sine,-10,0.1,WCBLE-median,1.0,6
617,sine,-10,0.1,WCBLE-median,1.0,7
618,sine,-10,0.1,WCBLE-median,1.0,8
619,sine,-10,0.1,WCBLE-median,0.95,9
620,sine,-10,0.2,CBLE-median,0.75,0
621,sine,-10,0.2,CBLE-median,0.6,1
622,sine,-10,0.2,CBLE-median,0.75,2
623,sine,-10,0.2,CBLE-median,0.75,3
624,sine,-10,0.2,CBLE-median,0.7,4
625,sine,-10,0.2,CBLE-median,0.85,5
626,sine,-10,0.2,CBLE-median,0.75,6
627,sine,-10,0.2,CBLE-median,0.8,7
628,sine,-10,0.2,CBLE-median,0.8,8
629,sine,-10,0.2,CBLE-median,0.7,9
630,sine,-10,0.2,WCBLE-median,0.85,0
631,sine,-10,0.2,WCBLE-median,0.95,1
632,sine,-10,0.2,WCBLE-median,0.75,2
633,sine,-10,0.2,WCBLE-median,1.0,3
634,sine,-10,0.2,WCBLE-median,0.9,4
635,sine,-10,0.2,WCBLE-median,0.8,5
636,sine,-10,0.2,WCBLE-median,0.95,6
637,sine,-10,0.2,WCBLE-median,1.0,7
638,sine,-10,0.2,WCBLE-median,0.85,8
639,sine,-10,0.2,WCBLE-median,0.9,9
640,sine,-10,0.3,CBLE-median,0.5,0
641,sine,-10,0.3,CBLE-median,0.45,1
642,sine,-10,0.3,CBLE-median,0.75,2
643,sine,-10,0.3,CBLE-median,0.45,3
644,sine,-10,0.3,CBLE-median,0.5,4
645,sine,-10,0.3,CBLE-median,0.85,5
646,sine,-10,0.3,CBLE-median,0.4,6
647,sine,-10,0.3,CBLE-median,0.6,7
648,sine,-10,0.3,CBLE-median,0.65,8
649,sine,-10,0.3,CBLE-median,0.4,9
650,sine,-10,0.3,WCBLE-median,0.7,0
651,sine,-10,0.3,WCBLE-median,0.8,1
652,sine,-10,0.3,WCBLE-median,0.8,2
653,sine,-10,0.3,WCBLE-median,0.85,3
654,sine,-10,0.3,WCBLE-median,0.85,4
655,sine,-10,0.3,WCBLE-median,0.75,5
656,sine,-10,0.3,WCBLE-median,0.8,6
657,sine,-10,0.3,WCBLE-median,0.9,7
658,sine,-10,0.3,WCBLE-median,0.6,8
659,sine,-10,0.3,WCBLE-median,0.8,9
660,sine,-11,0.1,CBLE-median,0.9,0
661,sine,-11,0.1,CBLE-median,0.95,1
662,sine,-11,0.1,CBLE-median,0.95,2
663,sine,-11,0.1,CBLE-median,0.9,3
664,sine,-11,0.1,CBLE-median,0.9,4
665,sine,-11,0.1,CBLE-median,0.9,5
666,sine,-11,0.1,CBLE-median,0.95,6
667,sine,-11,0.1,CBLE-median,1.0,7
668,sine,-11,0.1,CBLE-median,0.95,8
669,sine,-11,0.1,CBLE-median,0.95,9
670,sine,-11,0.1,WCBLE-median,0.95,0
671,sine,-11,0.1,WCBLE-median,0.95,1
672,sine,-11,0.1,WCBLE-median,0.95,2
673,sine,-11,0.1,WCBLE-median,0.95,3
674,sine,-11,0.1,WCBLE-median,1.0,4
675,sine,-11,0.1,WCBLE-median,1.0,5
676,sine,-11,0.1,WCBLE-median,1.0,6
677,sine,-11,0.1,WCBLE-median,1.0,7
678,sine,-11,0.1,WCBLE-median,1.0,8
679,sine,-11,0.1,WCBLE-median,0.95,9
680,sine,-11,0.2,CBLE-median,0.7,0
681,sine,-11,0.2,CBLE-median,0.55,1
682,sine,-11,0.2,CBLE-median,0.75,2
683,sine,-11,0.2,CBLE-median,0.75,3
684,sine,-11,0.2,CBLE-median,0.7,4
685,sine,-11,0.2,CBLE-median,0.85,5
686,sine,-11,0.2,CBLE-median,0.7,6
687,sine,-11,0.2,CBLE-median,0.8,7
688,sine,-11,0.2,CBLE-median,0.7,8
689,sine,-11,0.2,CBLE-median,0.6,9
690,sine,-11,0.2,WCBLE-median,0.85,0
691,sine,-11,0.2,WCBLE-median,0.8,1
692,sine,-11,0.2,WCBLE-median,0.7,2
693,sine,-11,0.2,WCBLE-median,0.95,3
694,sine,-11,0.2,WCBLE-median,0.85,4
695,sine,-11,0.2,WCBLE-median,0.8,5
696,sine,-11,0.2,WCBLE-median,0.95,6
697,sine,-11,0.2,WCBLE-median,1.0,7
698,sine,-11,0.2,WCBLE-median,0.8,8
699,sine,-11,0.2,WCBLE-median,0.9,9
700,sine,-11,0.3,CBLE-median,0.45,0
701,sine,-11,0.3,CBLE-median,0.45,1
702,sine,-11,0.3,CBLE-median,0.7,2
703,sine,-11,0.3,CBLE-median,0.4,3
704,sine,-11,0.3,CBLE-median,0.45,4
705,sine,-11,0.3,CBLE-median,0.7,5
706,sine,-11,0.3,CBLE-median,0.35,6
707,sine,-11,0.3,CBLE-median,0.6,7
708,sine,-11,0.3,CBLE-median,0.5,8
709,sine,-11,0.3,CBLE-median,0.35,9
710,sine,-11,0.3,WCBLE-median,0.65,0
711,sine,-11,0.3,WCBLE-median,0.8,1
712,sine,-11,0.3,WCBLE-median,0.7,2
713,sine,-11,0.3,WCBLE-median,0.85,3
714,sine,-11,0.3,WCBLE-median,0.8,4
715,sine,-11,0.3,WCBLE-median,0.7,5
716,sine,-11,0.3,WCBLE-median,0.85,6
717,sine,-11,0.3,WCBLE-median,0.9,7
718,sine,-11,0.3,WCBLE-median,0.6,8
719,sine,-11,0.3,WCBLE-median,0.8,9
720,sine,-12,0.1,CBLE-median,0.9,0
721,sine,-12,0.1,CBLE-median,0.95,1
722,sine,-12,0.1,CBLE-median,0.95,2
723,sine,-12,0.1,CBLE-median,0.9,3
724,sine,-12,0.1,CBLE-median,0.9,4
725,sine,-12,0.1,CBLE-median,0.9,5
726,sine,-12,0.1,CBLE-median,0.95,6
727,sine,-12,0.1,CBLE-median,1.0,7
728,sine,-12,0.1,CBLE-median,0.95,8
729,sine,-12,0.1,CBLE-median,0.95,9
730,sine,-12,0.1,WCBLE-median,0.95,0
731,sine,-12,0.1,WCBLE-median,0.95,1
732,sine,-12,0.1,WCBLE-median,0.9,2
733,sine,-12,0.1,WCBLE-median,1.0,3
734,sine,-12,0.1,WCBLE-median,1.0,4
735,sine,-12,0.1,WCBLE-median,1.0,5
736,sine,-12,0.1,WCBLE-median,1.0,6
737,sine,-12,0.1,WCBLE-median,1.0,7
738,sine,-12,0.1,WCBLE-median,1.0,8
739,sine,-12,0.1,WCBLE-median,0.95,9
740,sine,-12,0.2,CBLE-median,0.7,0
741,sine,-12,0.2,CBLE-median,0.55,1
742,sine,-12,0.2,CBLE-median,0.75,2
743,sine,-12,0.2,CBLE-median,0.75,3
744,sine,-12,0.2,CBLE-median,0.65,4
745,sine,-12,0.2,CBLE-median,0.8,5
746,sine,-12,0.2,CBLE-median,0.65,6
747,sine,-12,0.2,CBLE-median,0.7,7
748,sine,-12,0.2,CBLE-median,0.7,8
749,sine,-12,0.2,CBLE-median,0.6,9
750,sine,-12,0.2,WCBLE-median,0.85,0
751,sine,-12,0.2,WCBLE-median,0.9,1
752,sine,-12,0.2,WCBLE-median,0.7,2
753,sine,-12,0.2,WCBLE-median,0.8,3
754,sine,-12,0.2,WCBLE-median,0.9,4
755,sine,-12,0.2,WCBLE-median,0.8,5
756,sine,-12,0.2,WCBLE-median,0.95,6
757,sine,-12,0.2,WCBLE-median,0.95,7
758,sine,-12,0.2,WCBLE-median,0.8,8
759,sine,-12,0.2,WCBLE-median,0.95,9
760,sine,-12,0.3,CBLE-median,0.35,0
761,sine,-12,0.3,CBLE-median,0.4,1
762,sine,-12,0.3,CBLE-median,0.6,2
763,sine,-12,0.3,CBLE-median,0.4,3
764,sine,-12,0.3,CBLE-median,0.4,4
765,sine,-12,0.3,CBLE-median,0.65,5
766,sine,-12,0.3,CBLE-median,0.35,6
767,sine,-12,0.3,CBLE-median,0.6,7
768,sine,-12,0.3,CBLE-median,0.45,8
769,sine,-12,0.3,CBLE-median,0.35,9
770,sine,-12,0.3,WCBLE-median,0.6,0
771,sine,-12,0.3,WCBLE-median,0.8,1
772,sine,-12,0.3,WCBLE-median,0.9,2
773,sine,-12,0.3,WCBLE-median,0.95,3
774,sine,-12,0.3,WCBLE-median,0.85,4
775,sine,-12,0.3,WCBLE-median,0.7,5
776,sine,-12,0.3,WCBLE-median,0.85,6
777,sine,-12,0.3,WCBLE-median,0.85,7
778,sine,-12,0.3,WCBLE-median,0.6,8
779,sine,-12,0.3,WCBLE-median,0.8,9
780,sine,-13,0.1,CBLE-median,0.85,0
781,sine,-13,0.1,CBLE-median,0.9,1
782,sine,-13,0.1,CBLE-median,0.95,2
783,sine,-13,0.1,CBLE-median,0.85,3
784,sine,-13,0.1,CBLE-median,0.9,4
785,sine,-13,0.1,CBLE-median,0.85,5
786,sine,-13,0.1,CBLE-median,0.9,6
787,sine,-13,0.1,CBLE-median,1.0,7
788,sine,-13,0.1,CBLE-median,0.95,8
789,sine,-13,0.1,CBLE-median,0.95,9
790,sine,-13,0.1,WCBLE-median,0.95,0
791,sine,-13,0.1,WCBLE-median,0.95,1
792,sine,-13,0.1,WCBLE-median,0.9,2
793,sine,-13,0.1,WCBLE-median,1.0,3
794,sine,-13,0.1,WCBLE-median,1.0,4
795,sine,-13,0.1,WCBLE-median,1.0,5
796,sine,-13,0.1,WCBLE-median,1.0,6
797,sine,-13,0.1,WCBLE-median,1.0,7
798,sine,-13,0.1,WCBLE-median,0.95,8
799,sine,-13,0.1,WCBLE-median,0.9,9
800,sine,-13,0.2,CBLE-median,0.6,0
801,sine,-13,0.2,CBLE-median,0.5,1
802,sine,-13,0.2,CBLE-median,0.7,2
803,sine,-13,0.2,CBLE-median,0.7,3
804,sine,-13,0.2,CBLE-median,0.65,4
805,sine,-13,0.2,CBLE-median,0.75,5
806,sine,-13,0.2,CBLE-median,0.6,6
807,sine,-13,0.2,CBLE-median,0.7,7
808,sine,-13,0.2,CBLE-median,0.7,8
809,sine,-13,0.2,CBLE-median,0.55,9
810,sine,-13,0.2,WCBLE-median,0.7,0
811,sine,-13,0.2,WCBLE-median,0.8,1
812,sine,-13,0.2,WCBLE-median,0.7,2
813,sine,-13,0.2,WCBLE-median,0.85,3
814,sine,-13,0.2,WCBLE-median,0.8,4
815,sine,-13,0.2,WCBLE-median,0.85,5
816,sine,-13,0.2,WCBLE-median,0.95,6
817,sine,-13,0.2,WCBLE-median,0.9,7
818,sine,-13,0.2,WCBLE-median,0.75,8
819,sine,-13,0.2,WCBLE-median,0.95,9
820,sine,-13,0.3,CBLE-median,0.3,0
821,sine,-13,0.3,CBLE-median,0.4,1
822,sine,-13,0.3,CBLE-median,0.5,2
823,sine,-13,0.3,CBLE-median,0.4,3
824,sine,-13,0.3,CBLE-median,0.4,4
825,sine,-13,0.3,CBLE-median,0.6,5
826,sine,-13,0.3,CBLE-median,0.35,6
827,sine,-13,0.3,CBLE-median,0.5,7
828,sine,-13,0.3,CBLE-median,0.4,8
829,sine,-13,0.3,CBLE-median,0.3,9
830,sine,-13,0.3,WCBLE-median,0.6,0
831,sine,-13,0.3,WCBLE-median,0.8,1
832,sine,-13,0.3,WCBLE-median,0.9,2
833,sine,-13,0.3,WCBLE-median,0.95,3
834,sine,-13,0.3,WCBLE-median,0.9,4
835,sine,-13,0.3,WCBLE-median,0.7,5
836,sine,-13,0.3,WCBLE-median,0.8,6
837,sine,-13,0.3,WCBLE-median,0.9,7
838,sine,-13,0.3,WCBLE-median,0.65,8
839,sine,-13,0.3,WCBLE-median,0.8,9
840,sine,-14,0.1,CBLE-median,0.85,0
841,sine,-14,0.1,CBLE-median,0.8,1
842,sine,-14,0.1,CBLE-median,0.9,2
843,sine,-14,0.1,CBLE-median,0.85,3
844,sine,-14,0.1,CBLE-median,0.9,4
845,sine,-14,0.1,CBLE-median,0.85,5
846,sine,-14,0.1,CBLE-median,0.9,6
847,sine,-14,0.1,CBLE-median,1.0,7
848,sine,-14,0.1,CBLE-median,0.95,8
849,sine,-14,0.1,CBLE-median,0.95,9
850,sine,-14,0.1,WCBLE-median,0.95,0
851,sine,-14,0.1,WCBLE-median,0.9,1
852,sine,-14,0.1,WCBLE-median,0.9,2
853,sine,-14,0.1,WCBLE-median,1.0,3
854,sine,-14,0.1,WCBLE-median,0.95,4
855,sine,-14,0.1,WCBLE-median,1.0,5
856,sine,-14,0.1,WCBLE-median,1.0,6
857,sine,-14,0.1,WCBLE-median,1.0,7
858,sine,-14,0.1,WCBLE-median,0.95,8
859,sine,-14,0.1,WCBLE-median,0.9,9
860,sine,-14,0.2,CBLE-median,0.6,0
861,sine,-14,0.2,CBLE-median,0.5,1
862,sine,-14,0.2,CBLE-median,0.6,2
863,sine,-14,0.2,CBLE-median,0.7,3
864,sine,-14,0.2,CBLE-median,0.65,4
865,sine,-14,0.2,CBLE-median,0.75,5
866,sine,-14,0.2,CBLE-median,0.6,6
867,sine,-14,0.2,CBLE-median,0.7,7
868,sine,-14,0.2,CBLE-median,0.65,8
869,sine,-14,0.2,CBLE-median,0.55,9
870,sine,-14,0.2,WCBLE-median,0.75,0
871,sine,-14,0.2,WCBLE-median,0.75,1
872,sine,-14,0.2,WCBLE-median,0.7,2
873,sine,-14,0.2,WCBLE-median,0.85,3
874,sine,-14,0.2,WCBLE-median,0.7,4
875,sine,-14,0.2,WCBLE-median,0.8,5
876,sine,-14,0.2,WCBLE-median,0.95,6
877,sine,-14,0.2,WCBLE-median,0.95,7
878,sine,-14,0.2,WCBLE-median,0.7,8
879,sine,-14,0.2,WCBLE-median,0.9,9
880,sine,-14,0.3,CBLE-median,0.3,0
881,sine,-14,0.3,CBLE-median,0.4,1
882,sine,-14,0.3,CBLE-median,0.5,2
883,sine,-14,0.3,CBLE-median,0.4,3
884,sine,-14,0.3,CBLE-median,0.3,4
885,sine,-14,0.3,CBLE-median,0.5,5
886,sine,-14,0.3,CBLE-median,0.3,6
887,sine,-14,0.3,CBLE-median,0.45,7
888,sine,-14,0.3,CBLE-median,0.4,8
889,sine,-14,0.3,CBLE-median,0.3,9
890,sine,-14,0.3,WCBLE-median,0.55,0
891,sine,-14,0.3,WCBLE-median,0.8,1
892,sine,-14,0.3,WCBLE-median,0.9,2
893,sine,-14,0.3,WCBLE-median,0.9,3
894,sine,-14,0.3,WCBLE-median,0.85,4
895,sine,-14,0.3,WCBLE-median,0.7,5
896,sine,-14,0.3,WCBLE-median,0.9,6
897,sine,-14,0.3,WCBLE-median,0.9,7
898,sine,-14,0.3,WCBLE-median,0.65,8
899,sine,-14,0.3,WCBLE-median,0.8,9
900,sine,-15,0.1,CBLE-median,0.85,0
901,sine,-15,0.1,CBLE-median,0.8,1
902,sine,-15,0.1,CBLE-median,0.85,2
903,sine,-15,0.1,CBLE-median,0.85,3
904,sine,-15,0.1,CBLE-median,0.85,4
905,sine,-15,0.1,CBLE-median,0.85,5
906,sine,-15,0.1,CBLE-median,0.85,6
907,sine,-15,0.1,CBLE-median,1.0,7
908,sine,-15,0.1,CBLE-median,0.9,8
909,sine,-15,0.1,CBLE-median,0.95,9
910,sine,-15,0.1,WCBLE-median,0.95,0
911,sine,-15,0.1,WCBLE-median,0.85,1
912,sine,-15,0.1,WCBLE-median,0.9,2
913,sine,-15,0.1,WCBLE-median,0.95,3
914,sine,-15,0.1,WCBLE-median,0.95,4
915,sine,-15,0.1,WCBLE-median,1.0,5
916,sine,-15,0.1,WCBLE-median,0.9,6
917,sine,-15,0.1,WCBLE-median,1.0,7
918,sine,-15,0.1,WCBLE-median,0.95,8
919,sine,-15,0.1,WCBLE-median,0.9,9
920,sine,-15,0.2,CBLE-median,0.6,0
921,sine,-15,0.2,CBLE-median,0.5,1
922,sine,-15,0.2,CBLE-median,0.6,2
923,sine,-15,0.2,CBLE-median,0.6,3
924,sine,-15,0.2,CBLE-median,0.55,4
925,sine,-15,0.2,CBLE-median,0.7,5
926,sine,-15,0.2,CBLE-median,0.6,6
927,sine,-15,0.2,CBLE-median,0.65,7
928,sine,-15,0.2,CBLE-median,0.65,8
929,sine,-15,0.2,CBLE-median,0.55,9
930,sine,-15,0.2,WCBLE-median,0.65,0
931,sine,-15,0.2,WCBLE-median,0.75,1
932,sine,-15,0.2,WCBLE-median,0.65,2
933,sine,-15,0.2,WCBLE-median,0.85,3
934,sine,-15,0.2,WCBLE-median,0.75,4
935,sine,-15,0.2,WCBLE-median,0.8,5
936,sine,-15,0.2,WCBLE-median,0.95,6
937,sine,-15,0.2,WCBLE-median,0.85,7
938,sine,-15,0.2,WCBLE-median,0.65,8
939,sine,-15,0.2,WCBLE-median,0.9,9
940,sine,-15,0.3,CBLE-median,0.3,0
941,sine,-15,0.3,CBLE-median,0.4,1
942,sine,-15,0.3,CBLE-median,0.5,2
943,sine,-15,0.3,CBLE-median,0.25,3
944,sine,-15,0.3,CBLE-median,0.3,4
945,sine,-15,0.3,CBLE-median,0.45,5
946,sine,-15,0.3,CBLE-median,0.25,6
947,sine,-15,0.3,CBLE-median,0.45,7
948,sine,-15,0.3,CBLE-median,0.35,8
949,sine,-15,0.3,CBLE-median,0.3,9
950,sine,-15,0.3,WCBLE-median,0.6,0
951,sine,-15,0.3,WCBLE-median,0.8,1
952,sine,-15,0.3,WCBLE-median,0.95,2
953,sine,-15,0.3,WCBLE-median,1.0,3
954,sine,-15,0.3,WCBLE-median,0.85,4
955,sine,-15,0.3,WCBLE-median,0.7,5
956,sine,-15,0.3,WCBLE-median,0.8,6
957,sine,-15,0.3,WCBLE-median,0.9,7
958,sine,-15,0.3,WCBLE-median,0.6,8
959,sine,-15,0.3,WCBLE-median,0.65,9
960,sine,-16,0.1,CBLE-median,0.85,0
961,sine,-16,0.1,CBLE-median,0.75,1
962,sine,-16,0.1,CBLE-median,0.75,2
963,sine,-16,0.1,CBLE-median,0.85,3
964,sine,-16,0.1,CBLE-median,0.8,4
965,sine,-16,0.1,CBLE-median,0.85,5
966,sine,-16,0.1,CBLE-median,0.8,6
967,sine,-16,0.1,CBLE-median,0.85,7
968,sine,-16,0.1,CBLE-median,0.9,8
969,sine,-16,0.1,CBLE-median,0.95,9
970,sine,-16,0.1,WCBLE-median,0.95,0
971,sine,-16,0.1,WCBLE-median,0.85,1
972,sine,-16,0.1,WCBLE-median,0.85,2
973,sine,-16,0.1,WCBLE-median,1.0,3
974,sine,-16,0.1,WCBLE-median,1.0,4
975,sine,-16,0.1,WCBLE-median,1.0,5
976,sine,-16,0.1,WCBLE-median,0.95,6
977,sine,-16,0.1,WCBLE-median,1.0,7
978,sine,-16,0.1,WCBLE-median,0.95,8
979,sine,-16,0.1,WCBLE-median,0.9,9
980,sine,-16,0.2,CBLE-median,0.55,0
981,sine,-16,0.2,CBLE-median,0.5,1
982,sine,-16,0.2,CBLE-median,0.5,2
983,sine,-16,0.2,CBLE-median,0.55,3
984,sine,-16,0.2,CBLE-median,0.5,4
985,sine,-16,0.2,CBLE-median,0.65,5
986,sine,-16,0.2,CBLE-median,0.45,6
987,sine,-16,0.2,CBLE-median,0.65,7
988,sine,-16,0.2,CBLE-median,0.65,8
989,sine,-16,0.2,CBLE-median,0.5,9
990,sine,-16,0.2,WCBLE-median,0.65,0
991,sine,-16,0.2,WCBLE-median,0.75,1
992,sine,-16,0.2,WCBLE-median,0.7,2
993,sine,-16,0.2,WCBLE-median,0.85,3
994,sine,-16,0.2,WCBLE-median,0.6,4
995,sine,-16,0.2,WCBLE-median,0.75,5
996,sine,-16,0.2,WCBLE-median,0.95,6
997,sine,-16,0.2,WCBLE-median,0.9,7
998,sine,-16,0.2,WCBLE-median,0.65,8
999,sine,-16,0.2,WCBLE-median,0.9,9
1000,sine,-16,0.3,CBLE-median,0.25,0
1001,sine,-16,0.3,CBLE-median,0.4,1
1002,sine,-16,0.3,CBLE-median,0.4,2
1003,sine,-16,0.3,CBLE-median,0.25,3
1004,sine,-16,0.3,CBLE-median,0.3,4
1005,sine,-16,0.3,CBLE-median,0.45,5
1006,sine,-16,0.3,CBLE-median,0.25,6
1007,sine,-16,0.3,CBLE-median,0.4,7
1008,sine,-16,0.3,CBLE-median,0.2,8
1009,sine,-16,0.3,CBLE-median,0.3,9
1010,sine,-16,0.3,WCBLE-median,0.6,0
1011,sine,-16,0.3,WCBLE-median,0.85,1
1012,sine,-16,0.3,WCBLE-median,0.95,2
1013,sine,-16,0.3,WCBLE-median,0.95,3
1014,sine,-16,0.3,WCBLE-median,0.85,4
1015,sine,-16,0.3,WCBLE-median,0.7,5
1016,sine,-16,0.3,WCBLE-median,0.85,6
1017,sine,-16,0.3,WCBLE-median,0.85,7
1018,sine,-16,0.3,WCBLE-median,0.65,8
1019,sine,-16,0.3,WCBLE-median,0.75,9
1020,sine,-17,0.1,CBLE-median,0.85,0
1021,sine,-17,0.1,CBLE-median,0.75,1
1022,sine,-17,0.1,CBLE-median,0.75,2
1023,sine,-17,0.1,CBLE-median,0.85,3
1024,sine,-17,0.1,CBLE-median,0.8,4
1025,sine,-17,0.1,CBLE-median,0.7,5
1026,sine,-17,0.1,CBLE-median,0.8,6
1027,sine,-17,0.1,CBLE-median,0.8,7
1028,sine,-17,0.1,CBLE-median,0.85,8
1029,sine,-17,0.1,CBLE-median,0.9,9
1030,sine,-17,0.1,WCBLE-median,0.85,0
1031,sine,-17,0.1,WCBLE-median,0.85,1
1032,sine,-17,0.1,WCBLE-median,0.85,2
1033,sine,-17,0.1,WCBLE-median,1.0,3
1034,sine,-17,0.1,WCBLE-median,1.0,4
1035,sine,-17,0.1,WCBLE-median,1.0,5
1036,sine,-17,0.1,WCBLE-median,0.9,6
1037,sine,-17,0.1,WCBLE-median,1.0,7
1038,sine,-17,0.1,WCBLE-median,0.9,8
1039,sine,-17,0.1,WCBLE-median,0.85,9
1040,sine,-17,0.2,CBLE-median,0.55,0
1041,sine,-17,0.2,CBLE-median,0.5,1
1042,sine,-17,0.2,CBLE-median,0.5,2
1043,sine,-17,0.2,CBLE-median,0.45,3
1044,sine,-17,0.2,CBLE-median,0.5,4
1045,sine,-17,0.2,CBLE-median,0.6,5
1046,sine,-17,0.2,CBLE-median,0.45,6
1047,sine,-17,0.2,CBLE-median,0.55,7
1048,sine,-17,0.2,CBLE-median,0.6,8
1049,sine,-17,0.2,CBLE-median,0.5,9
1050,sine,-17,0.2,WCBLE-median,0.75,0
1051,sine,-17,0.2,WCBLE-median,0.75,1
1052,sine,-17,0.2,WCBLE-median,0.7,2
1053,sine,-17,0.2,WCBLE-median,0.85,3
1054,sine,-17,0.2,WCBLE-median,0.5,4
1055,sine,-17,0.2,WCBLE-median,0.75,5
1056,sine,-17,0.2,WCBLE-median,0.8,6
1057,sine,-17,0.2,WCBLE-median,0.85,7
1058,sine,-17,0.2,WCBLE-median,0.65,8
1059,sine,-17,0.2,WCBLE-median,0.9,9
1060,sine,-17,0.3,CBLE-median,0.25,0
1061,sine,-17,0.3,CBLE-median,0.35,1
1062,sine,-17,0.3,CBLE-median,0.35,2
1063,sine,-17,0.3,CBLE-median,0.25,3
1064,sine,-17,0.3,CBLE-median,0.3,4
1065,sine,-17,0.3,CBLE-median,0.45,5
1066,sine,-17,0.3,CBLE-median,0.25,6
1067,sine,-17,0.3,CBLE-median,0.35,7
1068,sine,-17,0.3,CBLE-median,0.2,8
1069,sine,-17,0.3,CBLE-median,0.25,9
1070,sine,-17,0.3,WCBLE-median,0.6,0
1071,sine,-17,0.3,WCBLE-median,0.8,1
1072,sine,-17,0.3,WCBLE-median,0.9,2
1073,sine,-17,0.3,WCBLE-median,1.0,3
1074,sine,-17,0.3,WCBLE-median,0.9,4
1075,sine,-17,0.3,WCBLE-median,0.7,5
1076,sine,-17,0.3,WCBLE-median,0.8,6
1077,sine,-17,0.3,WCBLE-median,0.9,7
1078,sine,-17,0.3,WCBLE-median,0.6,8
1079,sine,-17,0.3,WCBLE-median,0.75,9
1080,sine,-18,0.1,CBLE-median,0.85,0
1081,sine,-18,0.1,CBLE-median,0.7,1
1082,sine,-18,0.1,CBLE-median,0.75,2
1083,sine,-18,0.1,CBLE-median,0.85,3
1084,sine,-18,0.1,CBLE-median,0.75,4
1085,sine,-18,0.1,CBLE-median,0.65,5
1086,sine,-18,0.1,CBLE-median,0.8,6
1087,sine,-18,0.1,CBLE-median,0.8,7
1088,sine,-18,0.1,CBLE-median,0.85,8
1089,sine,-18,0.1,CBLE-median,0.8,9
1090,sine,-18,0.1,WCBLE-median,0.85,0
1091,sine,-18,0.1,WCBLE-median,0.8,1
1092,sine,-18,0.1,WCBLE-median,0.85,2
1093,sine,-18,0.1,WCBLE-median,1.0,3
1094,sine,-18,0.1,WCBLE-median,1.0,4
1095,sine,-18,0.1,WCBLE-median,0.95,5
1096,sine,-18,0.1,WCBLE-median,0.85,6
1097,sine,-18,0.1,WCBLE-median,0.95,7
1098,sine,-18,0.1,WCBLE-median,0.9,8
1099,sine,-18,0.1,WCBLE-median,0.8,9
1100,sine,-18,0.2,CBLE-median,0.5,0
1101,sine,-18,0.2,CBLE-median,0.5,1
1102,sine,-18,0.2,CBLE-median,0.5,2
1103,sine,-18,0.2,CBLE-median,0.45,3
1104,sine,-18,0.2,CBLE-median,0.6,4
1105,sine,-18,0.2,CBLE-median,0.6,5
1106,sine,-18,0.2,CBLE-median,0.45,6
1107,sine,-18,0.2,CBLE-median,0.5,7
1108,sine,-18,0.2,CBLE-median,0.55,8
1109,sine,-18,0.2,CBLE-median,0.4,9
1110,sine,-18,0.2,WCBLE-median,0.8,0
1111,sine,-18,0.2,WCBLE-median,0.75,1
1112,sine,-18,0.2,WCBLE-median,0.7,2
1113,sine,-18,0.2,WCBLE-median,0.9,3
1114,sine,-18,0.2,WCBLE-median,0.6,4
1115,sine,-18,0.2,WCBLE-median,0.8,5
1116,sine,-18,0.2,WCBLE-median,0.8,6
1117,sine,-18,0.2,WCBLE-median,0.9,7
1118,sine,-18,0.2,WCBLE-median,0.65,8
1119,sine,-18,0.2,WCBLE-median,0.9,9
1120,sine,-18,0.3,CBLE-median,0.15,0
1121,sine,-18,0.3,CBLE-median,0.35,1
1122,sine,-18,0.3,CBLE-median,0.3,2
1123,sine,-18,0.3,CBLE-median,0.2,3
1124,sine,-18,0.3,CBLE-median,0.25,4
1125,sine,-18,0.3,CBLE-median,0.4,5
1126,sine,-18,0.3,CBLE-median,0.25,6
1127,sine,-18,0.3,CBLE-median,0.35,7
1128,sine,-18,0.3,CBLE-median,0.2,8
1129,sine,-18,0.3,CBLE-median,0.25,9
1130,sine,-18,0.3,WCBLE-median,0.6,0
1131,sine,-18,0.3,WCBLE-median,0.85,1
1132,sine,-18,0.3,WCBLE-median,0.75,2
1133,sine,-18,0.3,WCBLE-median,1.0,3
1134,sine,-18,0.3,WCBLE-median,0.85,4
1135,sine,-18,0.3,WCBLE-median,0.7,5
1136,sine,-18,0.3,WCBLE-median,0.85,6
1137,sine,-18,0.3,WCBLE-median,0.9,7
1138,sine,-18,0.3,WCBLE-median,0.55,8
1139,sine,-18,0.3,WCBLE-median,0.75,9
1140,sine,-19,0.1,CBLE-median,0.8,0
1141,sine,-19,0.1,CBLE-median,0.65,1
1142,sine,-19,0.1,CBLE-median,0.75,2
1143,sine,-19,0.1,CBLE-median,0.85,3
1144,sine,-19,0.1,CBLE-median,0.75,4
1145,sine,-19,0.1,CBLE-median,0.65,5
1146,sine,-19,0.1,CBLE-median,0.65,6
1147,sine,-19,0.1,CBLE-median,0.75,7
1148,sine,-19,0.1,CBLE-median,0.75,8
1149,sine,-19,0.1,CBLE-median,0.8,9
1150,sine,-19,0.1,WCBLE-median,0.9,0
1151,sine,-19,0.1,WCBLE-median,0.8,1
1152,sine,-19,0.1,WCBLE-median,0.85,2
1153,sine,-19,0.1,WCBLE-median,0.9,3
1154,sine,-19,0.1,WCBLE-median,1.0,4
1155,sine,-19,0.1,WCBLE-median,0.9,5
1156,sine,-19,0.1,WCBLE-median,0.75,6
1157,sine,-19,0.1,WCBLE-median,0.95,7
1158,sine,-19,0.1,WCBLE-median,0.85,8
1159,sine,-19,0.1,WCBLE-median,0.8,9
1160,sine,-19,0.2,CBLE-median,0.45,0
1161,sine,-19,0.2,CBLE-median,0.5,1
1162,sine,-19,0.2,CBLE-median,0.45,2
1163,sine,-19,0.2,CBLE-median,0.45,3
1164,sine,-19,0.2,CBLE-median,0.5,4
1165,sine,-19,0.2,CBLE-median,0.6,5
1166,sine,-19,0.2,CBLE-median,0.45,6
1167,sine,-19,0.2,CBLE-median,0.5,7
1168,sine,-19,0.2,CBLE-median,0.5,8
1169,sine,-19,0.2,CBLE-median,0.4,9
1170,sine,-19,0.2,WCBLE-median,0.8,0
1171,sine,-19,0.2,WCBLE-median,0.7,1
1172,sine,-19,0.2,WCBLE-median,0.75,2
1173,sine,-19,0.2,WCBLE-median,0.9,3
1174,sine,-19,0.2,WCBLE-median,0.55,4
1175,sine,-19,0.2,WCBLE-median,0.85,5
1176,sine,-19,0.2,WCBLE-median,0.8,6
1177,sine,-19,0.2,WCBLE-median,0.8,7
1178,sine,-19,0.2,WCBLE-median,0.65,8
1179,sine,-19,0.2,WCBLE-median,0.9,9
1180,sine,-19,0.3,CBLE-median,0.15,0
1181,sine,-19,0.3,CBLE-median,0.35,1
1182,sine,-19,0.3,CBLE-median,0.25,2
1183,sine,-19,0.3,CBLE-median,0.2,3
1184,sine,-19,0.3,CBLE-median,0.25,4
1185,sine,-19,0.3,CBLE-median,0.35,5
1186,sine,-19,0.3,CBLE-median,0.2,6
1187,sine,-19,0.3,CBLE-median,0.3,7
1188,sine,-19,0.3,CBLE-median,0.2,8
1189,sine,-19,0.3,CBLE-median,0.25,9
1190,sine,-19,0.3,WCBLE-median,0.65,0
1191,sine,-19,0.3,WCBLE-median,0.75,1
1192,sine,-19,0.3,WCBLE-median,0.65,2
1193,sine,-19,0.3,WCBLE-median,1.0,3
1194,sine,-19,0.3,WCBLE-median,0.9,4
1195,sine,-19,0.3,WCBLE-median,0.7,5
1196,sine,-19,0.3,WCBLE-median,0.85,6
1197,sine,-19,0.3,WCBLE-median,0.95,7
1198,sine,-19,0.3,WCBLE-median,0.6,8
1199,sine,-19,0.3,WCBLE-median,0.75,9
1200,sine,-20,0.1,CBLE-median,0.75,0
1201,sine,-20,0.1,CBLE-median,0.6,1
1202,sine,-20,0.1,CBLE-median,0.65,2
1203,sine,-20,0.1,CBLE-median,0.8,3
1204,sine,-20,0.1,CBLE-median,0.7,4
1205,sine,-20,0.1,CBLE-median,0.65,5
1206,sine,-20,0.1,CBLE-median,0.6,6
1207,sine,-20,0.1,CBLE-median,0.75,7
1208,sine,-20,0.1,CBLE-median,0.75,8
1209,sine,-20,0.1,CBLE-median,0.75,9
1210,sine,-20,0.1,WCBLE-median,0.95,0
1211,sine,-20,0.1,WCBLE-median,0.85,1
1212,sine,-20,0.1,WCBLE-median,0.85,2
1213,sine,-20,0.1,WCBLE-median,0.95,3
1214,sine,-20,0.1,WCBLE-median,1.0,4
1215,sine,-20,0.1,WCBLE-median,0.9,5
1216,sine,-20,0.1,WCBLE-median,0.8,6
1217,sine,-20,0.1,WCBLE-median,0.95,7
1218,sine,-20,0.1,WCBLE-median,0.85,8
1219,sine,-20,0.1,WCBLE-median,0.8,9
1220,sine,-20,0.2,CBLE-median,0.45,0
1221,sine,-20,0.2,CBLE-median,0.45,1
1222,sine,-20,0.2,CBLE-median,0.45,2
1223,sine,-20,0.2,CBLE-median,0.45,3
1224,sine,-20,0.2,CBLE-median,0.45,4
1225,sine,-20,0.2,CBLE-median,0.6,5
1226,sine,-20,0.2,CBLE-median,0.35,6
1227,sine,-20,0.2,CBLE-median,0.4,7
1228,sine,-20,0.2,CBLE-median,0.45,8
1229,sine,-20,0.2,CBLE-median,0.4,9
1230,sine,-20,0.2,WCBLE-median,0.7,0
1231,sine,-20,0.2,WCBLE-median,0.8,1
1232,sine,-20,0.2,WCBLE-median,0.7,2
1233,sine,-20,0.2,WCBLE-median,0.9,3
1234,sine,-20,0.2,WCBLE-median,0.65,4
1235,sine,-20,0.2,WCBLE-median,0.8,5
1236,sine,-20,0.2,WCBLE-median,0.9,6
1237,sine,-20,0.2,WCBLE-median,0.9,7
1238,sine,-20,0.2,WCBLE-median,0.65,8
1239,sine,-20,0.2,WCBLE-median,0.9,9
1240,sine,-20,0.3,CBLE-median,0.1,0
1241,sine,-20,0.3,CBLE-median,0.3,1
1242,sine,-20,0.3,CBLE-median,0.3,2
1243,sine,-20,0.3,CBLE-median,0.2,3
1244,sine,-20,0.3,CBLE-median,0.25,4
1245,sine,-20,0.3,CBLE-median,0.35,5
1246,sine,-20,0.3,CBLE-median,0.2,6
1247,sine,-20,0.3,CBLE-median,0.2,7
1248,sine,-20,0.3,CBLE-median,0.2,8
1249,sine,-20,0.3,CBLE-median,0.2,9
1250,sine,-20,0.3,WCBLE-median,0.6,0
1251,sine,-20,0.3,WCBLE-median,0.9,1
1252,sine,-20,0.3,WCBLE-median,0.75,2
1253,sine,-20,0.3,WCBLE-median,0.95,3
1254,sine,-20,0.3,WCBLE-median,0.95,4
1255,sine,-20,0.3,WCBLE-median,0.7,5
1256,sine,-20,0.3,WCBLE-median,0.9,6
1257,sine,-20,0.3,WCBLE-median,0.9,7
1258,sine,-20,0.3,WCBLE-median,0.6,8
1259,sine,-20,0.3,WCBLE-median,0.8,9
1260,sine,-21,0.1,CBLE-median,0.7,0
1261,sine,-21,0.1,CBLE-median,0.5,1
1262,sine,-21,0.1,CBLE-median,0.65,2
1263,sine,-21,0.1,CBLE-median,0.8,3
1264,sine,-21,0.1,CBLE-median,0.7,4
1265,sine,-21,0.1,CBLE-median,0.65,5
1266,sine,-21,0.1,CBLE-median,0.6,6
1267,sine,-21,0.1,CBLE-median,0.7,7
1268,sine,-21,0.1,CBLE-median,0.75,8
1269,sine,-21,0.1,CBLE-median,0.7,9
1270,sine,-21,0.1,WCBLE-median,0.9,0
1271,sine,-21,0.1,WCBLE-median,0.85,1
1272,sine,-21,0.1,WCBLE-median,0.8,2
1273,sine,-21,0.1,WCBLE-median,0.9,3
1274,sine,-21,0.1,WCBLE-median,1.0,4
1275,sine,-21,0.1,WCBLE-median,0.8,5
1276,sine,-21,0.1,WCBLE-median,0.75,6
1277,sine,-21,0.1,WCBLE-median,0.95,7
1278,sine,-21,0.1,WCBLE-median,0.85,8
1279,sine,-21,0.1,WCBLE-median,0.8,9
1280,sine,-21,0.2,CBLE-median,0.45,0
1281,sine,-21,0.2,CBLE-median,0.4,1
1282,sine,-21,0.2,CBLE-median,0.4,2
1283,sine,-21,0.2,CBLE-median,0.45,3
1284,sine,-21,0.2,CBLE-median,0.45,4
1285,sine,-21,0.2,CBLE-median,0.55,5
1286,sine,-21,0.2,CBLE-median,0.3,6
1287,sine,-21,0.2,CBLE-median,0.35,7
1288,sine,-21,0.2,CBLE-median,0.45,8
1289,sine,-21,0.2,CBLE-median,0.4,9
1290,sine,-21,0.2,WCBLE-median,0.75,0
1291,sine,-21,0.2,WCBLE-median,0.75,1
1292,sine,-21,0.2,WCBLE-median,0.75,2
1293,sine,-21,0.2,WCBLE-median,0.9,3
1294,sine,-21,0.2,WCBLE-median,0.8,4
1295,sine,-21,0.2,WCBLE-median,0.85,5
1296,sine,-21,0.2,WCBLE-median,0.75,6
1297,sine,-21,0.2,WCBLE-median,0.85,7
1298,sine,-21,0.2,WCBLE-median,0.65,8
1299,sine,-21,0.2,WCBLE-median,0.85,9
1300,sine,-21,0.3,CBLE-median,0.15,0
1301,sine,-21,0.3,CBLE-median,0.3,1
1302,sine,-21,0.3,CBLE-median,0.25,2
1303,sine,-21,0.3,CBLE-median,0.15,3
1304,sine,-21,0.3,CBLE-median,0.2,4
1305,sine,-21,0.3,CBLE-median,0.3,5
1306,sine,-21,0.3,CBLE-median,0.2,6
1307,sine,-21,0.3,CBLE-median,0.15,7
1308,sine,-21,0.3,CBLE-median,0.2,8
1309,sine,-21,0.3,CBLE-median,0.2,9
1310,sine,-21,0.3,WCBLE-median,0.6,0
1311,sine,-21,0.3,WCBLE-median,0.75,1
1312,sine,-21,0.3,WCBLE-median,0.8,2
1313,sine,-21,0.3,WCBLE-median,0.95,3
1314,sine,-21,0.3,WCBLE-median,0.9,4
1315,sine,-21,0.3,WCBLE-median,0.7,5
1316,sine,-21,0.3,WCBLE-median,0.8,6
1317,sine,-21,0.3,WCBLE-median,0.95,7
1318,sine,-21,0.3,WCBLE-median,0.6,8
1319,sine,-21,0.3,WCBLE-median,0.8,9
1320,sine,-22,0.1,CBLE-median,0.7,0
1321,sine,-22,0.1,CBLE-median,0.5,1
1322,sine,-22,0.1,CBLE-median,0.65,2
1323,sine,-22,0.1,CBLE-median,0.8,3
1324,sine,-22,0.1,CBLE-median,0.7,4
1325,sine,-22,0.1,CBLE-median,0.65,5
1326,sine,-22,0.1,CBLE-median,0.6,6
1327,sine,-22,0.1,CBLE-median,0.65,7
1328,sine,-22,0.1,CBLE-median,0.75,8
1329,sine,-22,0.1,CBLE-median,0.65,9
1330,sine,-22,0.1,WCBLE-median,0.85,0
1331,sine,-22,0.1,WCBLE-median,0.8,1
1332,sine,-22,0.1,WCBLE-median,0.85,2
1333,sine,-22,0.1,WCBLE-median,0.9,3
1334,sine,-22,0.1,WCBLE-median,1.0,4
1335,sine,-22,0.1,WCBLE-median,0.8,5
1336,sine,-22,0.1,WCBLE-median,0.75,6
1337,sine,-22,0.1,WCBLE-median,0.95,7
1338,sine,-22,0.1,WCBLE-median,0.85,8
1339,sine,-22,0.1,WCBLE-median,0.7,9
1340,sine,-22,0.2,CBLE-median,0.35,0
1341,sine,-22,0.2,CBLE-median,0.45,1
1342,sine,-22,0.2,CBLE-median,0.4,2
1343,sine,-22,0.2,CBLE-median,0.45,3
1344,sine,-22,0.2,CBLE-median,0.45,4
1345,sine,-22,0.2,CBLE-median,0.55,5
1346,sine,-22,0.2,CBLE-median,0.3,6
1347,sine,-22,0.2,CBLE-median,0.3,7
1348,sine,-22,0.2,CBLE-median,0.4,8
1349,sine,-22,0.2,CBLE-median,0.4,9
1350,sine,-22,0.2,WCBLE-median,0.85,0
1351,sine,-22,0.2,WCBLE-median,0.75,1
1352,sine,-22,0.2,WCBLE-median,0.75,2
1353,sine,-22,0.2,WCBLE-median,0.95,3
1354,sine,-22,0.2,WCBLE-median,0.75,4
1355,sine,-22,0.2,WCBLE-median,0.9,5
1356,sine,-22,0.2,WCBLE-median,0.7,6
1357,sine,-22,0.2,WCBLE-median,0.85,7
1358,sine,-22,0.2,WCBLE-median,0.65,8
1359,sine,-22,0.2,WCBLE-median,0.85,9
1360,sine,-22,0.3,CBLE-median,0.15,0
1361,sine,-22,0.3,CBLE-median,0.3,1
1362,sine,-22,0.3,CBLE-median,0.15,2
1363,sine,-22,0.3,CBLE-median,0.15,3
1364,sine,-22,0.3,CBLE-median,0.2,4
1365,sine,-22,0.3,CBLE-median,0.25,5
1366,sine,-22,0.3,CBLE-median,0.15,6
1367,sine,-22,0.3,CBLE-median,0.15,7
1368,sine,-22,0.3,CBLE-median,0.2,8
1369,sine,-22,0.3,CBLE-median,0.2,9
1370,sine,-22,0.3,WCBLE-median,0.75,0
1371,sine,-22,0.3,WCBLE-median,0.75,1
1372,sine,-22,0.3,WCBLE-median,0.8,2
1373,sine,-22,0.3,WCBLE-median,0.95,3
1374,sine,-22,0.3,WCBLE-median,0.75,4
1375,sine,-22,0.3,WCBLE-median,0.7,5
1376,sine,-22,0.3,WCBLE-median,0.85,6
1377,sine,-22,0.3,WCBLE-median,0.85,7
1378,sine,-22,0.3,WCBLE-median,0.65,8
1379,sine,-22,0.3,WCBLE-median,0.75,9
1380,sine,-23,0.1,CBLE-median,0.7,0
1381,sine,-23,0.1,CBLE-median,0.5,1
1382,sine,-23,0.1,CBLE-median,0.6,2
1383,sine,-23,0.1,CBLE-median,0.75,3
1384,sine,-23,0.1,CBLE-median,0.7,4
1385,sine,-23,0.1,CBLE-median,0.6,5
1386,sine,-23,0.1,CBLE-median,0.5,6
1387,sine,-23,0.1,CBLE-median,0.6,7
1388,sine,-23,0.1,CBLE-median,0.7,8
1389,sine,-23,0.1,CBLE-median,0.65,9
1390,sine,-23,0.1,WCBLE-median,0.9,0
1391,sine,-23,0.1,WCBLE-median,0.75,1
1392,sine,-23,0.1,WCBLE-median,0.85,2
1393,sine,-23,0.1,WCBLE-median,0.9,3
1394,sine,-23,0.1,WCBLE-median,1.0,4
1395,sine,-23,0.1,WCBLE-median,0.85,5
1396,sine,-23,0.1,WCBLE-median,0.75,6
1397,sine,-23,0.1,WCBLE-median,0.9,7
1398,sine,-23,0.1,WCBLE-median,0.8,8
1399,sine,-23,0.1,WCBLE-median,0.75,9
1400,sine,-23,0.2,CBLE-median,0.25,0
1401,sine,-23,0.2,CBLE-median,0.45,1
1402,sine,-23,0.2,CBLE-median,0.35,2
1403,sine,-23,0.2,CBLE-median,0.45,3
1404,sine,-23,0.2,CBLE-median,0.35,4
1405,sine,-23,0.2,CBLE-median,0.5,5
1406,sine,-23,0.2,CBLE-median,0.3,6
1407,sine,-23,0.2,CBLE-median,0.25,7
1408,sine,-23,0.2,CBLE-median,0.35,8
1409,sine,-23,0.2,CBLE-median,0.35,9
1410,sine,-23,0.2,WCBLE-median,0.75,0
1411,sine,-23,0.2,WCBLE-median,0.8,1
1412,sine,-23,0.2,WCBLE-median,0.75,2
1413,sine,-23,0.2,WCBLE-median,0.95,3
1414,sine,-23,0.2,WCBLE-median,0.6,4
1415,sine,-23,0.2,WCBLE-median,0.9,5
1416,sine,-23,0.2,WCBLE-median,0.75,6
1417,sine,-23,0.2,WCBLE-median,0.75,7
1418,sine,-23,0.2,WCBLE-median,0.65,8
1419,sine,-23,0.2,WCBLE-median,0.9,9
1420,sine,-23,0.3,CBLE-median,0.15,0
1421,sine,-23,0.3,CBLE-median,0.25,1
1422,sine,-23,0.3,CBLE-median,0.15,2
1423,sine,-23,0.3,CBLE-median,0.1,3
1424,sine,-23,0.3,CBLE-median,0.2,4
1425,sine,-23,0.3,CBLE-median,0.25,5
1426,sine,-23,0.3,CBLE-median,0.15,6
1427,sine,-23,0.3,CBLE-median,0.1,7
1428,sine,-23,0.3,CBLE-median,0.15,8
1429,sine,-23,0.3,CBLE-median,0.2,9
1430,sine,-23,0.3,WCBLE-median,0.7,0
1431,sine,-23,0.3,WCBLE-median,0.85,1
1432,sine,-23,0.3,WCBLE-median,0.6,2
1433,sine,-23,0.3,WCBLE-median,0.95,3
1434,sine,-23,0.3,WCBLE-median,0.85,4
1435,sine,-23,0.3,WCBLE-median,0.7,5
1436,sine,-23,0.3,WCBLE-median,0.85,6
1437,sine,-23,0.3,WCBLE-median,0.85,7
1438,sine,-23,0.3,WCBLE-median,0.65,8
1439,sine,-23,0.3,WCBLE-median,0.75,9
1440,sine,-24,0.1,CBLE-median,0.7,0
1441,sine,-24,0.1,CBLE-median,0.5,1
1442,sine,-24,0.1,CBLE-median,0.6,2
1443,sine,-24,0.1,CBLE-median,0.65,3
1444,sine,-24,0.1,CBLE-median,0.7,4
1445,sine,-24,0.1,CBLE-median,0.6,5
1446,sine,-24,0.1,CBLE-median,0.5,6
1447,sine,-24,0.1,CBLE-median,0.6,7
1448,sine,-24,0.1,CBLE-median,0.7,8
1449,sine,-24,0.1,CBLE-median,0.65,9
1450,sine,-24,0.1,WCBLE-median,0.9,0
1451,sine,-24,0.1,WCBLE-median,0.75,1
1452,sine,-24,0.1,WCBLE-median,0.85,2
1453,sine,-24,0.1,WCBLE-median,0.95,3
1454,sine,-24,0.1,WCBLE-median,1.0,4
1455,sine,-24,0.1,WCBLE-median,0.85,5
1456,sine,-24,0.1,WCBLE-median,0.75,6
1457,sine,-24,0.1,WCBLE-median,0.85,7
1458,sine,-24,0.1,WCBLE-median,0.8,8
1459,sine,-24,0.1,WCBLE-median,0.7,9
1460,sine,-24,0.2,CBLE-median,0.25,0
1461,sine,-24,0.2,CBLE-median,0.4,1
1462,sine,-24,0.2,CBLE-median,0.35,2
1463,sine,-24,0.2,CBLE-median,0.35,3
1464,sine,-24,0.2,CBLE-median,0.3,4
1465,sine,-24,0.2,CBLE-median,0.45,5
1466,sine,-24,0.2,CBLE-median,0.3,6
1467,sine,-24,0.2,CBLE-median,0.25,7
1468,sine,-24,0.2,CBLE-median,0.35,8
1469,sine,-24,0.2,CBLE-median,0.25,9
1470,sine,-24,0.2,WCBLE-median,0.7,0
1471,sine,-24,0.2,WCBLE-median,0.75,1
1472,sine,-24,0.2,WCBLE-median,0.7,2
1473,sine,-24,0.2,WCBLE-median,0.95,3
1474,sine,-24,0.2,WCBLE-median,0.75,4
1475,sine,-24,0.2,WCBLE-median,0.85,5
1476,sine,-24,0.2,WCBLE-median,0.65,6
1477,sine,-24,0.2,WCBLE-median,0.85,7
1478,sine,-24,0.2,WCBLE-median,0.7,8
1479,sine,-24,0.2,WCBLE-median,0.85,9
1480,sine,-24,0.3,CBLE-median,0.15,0
1481,sine,-24,0.3,CBLE-median,0.15,1
1482,sine,-24,0.3,CBLE-median,0.15,2
1483,sine,-24,0.3,CBLE-median,0.1,3
1484,sine,-24,0.3,CBLE-median,0.2,4
1485,sine,-24,0.3,CBLE-median,0.15,5
1486,sine,-24,0.3,CBLE-median,0.05,6
1487,sine,-24,0.3,CBLE-median,0.1,7
1488,sine,-24,0.3,CBLE-median,0.15,8
1489,sine,-24,0.3,CBLE-median,0.15,9
1490,sine,-24,0.3,WCBLE-median,0.65,0
1491,sine,-24,0.3,WCBLE-median,0.35,1
1492,sine,-24,0.3,WCBLE-median,0.15,2
1493,sine,-24,0.3,WCBLE-median,0.35,3
1494,sine,-24,0.3,WCBLE-median,0.95,4
1495,sine,-24,0.3,WCBLE-median,0.4,5
1496,sine,-24,0.3,WCBLE-median,0.3,6
1497,sine,-24,0.3,WCBLE-median,0.95,7
1498,sine,-24,0.3,WCBLE-median,0.55,8
1499,sine,-24,0.3,WCBLE-median,0.8,9
1500,sine,-25,0.1,CBLE-median,0.65,0
1501,sine,-25,0.1,CBLE-median,0.45,1
1502,sine,-25,0.1,CBLE-median,0.55,2
1503,sine,-25,0.1,CBLE-median,0.65,3
1504,sine,-25,0.1,CBLE-median,0.6,4
1505,sine,-25,0.1,CBLE-median,0.6,5
1506,sine,-25,0.1,CBLE-median,0.5,6
1507,sine,-25,0.1,CBLE-median,0.45,7
1508,sine,-25,0.1,CBLE-median,0.65,8
1509,sine,-25,0.1,CBLE-median,0.55,9
1510,sine,-25,0.1,WCBLE-median,0.8,0
1511,sine,-25,0.1,WCBLE-median,0.7,1
1512,sine,-25,0.1,WCBLE-median,0.85,2
1513,sine,-25,0.1,WCBLE-median,0.9,3
1514,sine,-25,0.1,WCBLE-median,1.0,4
1515,sine,-25,0.1,WCBLE-median,0.85,5
1516,sine,-25,0.1,WCBLE-median,0.7,6
1517,sine,-25,0.1,WCBLE-median,0.8,7
1518,sine,-25,0.1,WCBLE-median,0.8,8
1519,sine,-25,0.1,WCBLE-median,0.7,9
1520,sine,-25,0.2,CBLE-median,0.25,0
1521,sine,-25,0.2,CBLE-median,0.35,1
1522,sine,-25,0.2,CBLE-median,0.3,2
1523,sine,-25,0.2,CBLE-median,0.3,3
1524,sine,-25,0.2,CBLE-median,0.25,4
1525,sine,-25,0.2,CBLE-median,0.45,5
1526,sine,-25,0.2,CBLE-median,0.3,6
1527,sine,-25,0.2,CBLE-median,0.25,7
1528,sine,-25,0.2,CBLE-median,0.35,8
1529,sine,-25,0.2,CBLE-median,0.25,9
1530,sine,-25,0.2,WCBLE-median,0.85,0
1531,sine,-25,0.2,WCBLE-median,0.8,1
1532,sine,-25,0.2,WCBLE-median,0.8,2
1533,sine,-25,0.2,WCBLE-median,0.95,3
1534,sine,-25,0.2,WCBLE-median,0.45,4
1535,sine,-25,0.2,WCBLE-median,0.85,5
1536,sine,-25,0.2,WCBLE-median,0.5,6
1537,sine,-25,0.2,WCBLE-median,0.85,7
1538,sine,-25,0.2,WCBLE-median,0.7,8
1539,sine,-25,0.2,WCBLE-median,0.75,9
1540,sine,-25,0.3,CBLE-median,0.1,0
1541,sine,-25,0.3,CBLE-median,0.15,1
1542,sine,-25,0.3,CBLE-median,0.15,2
1543,sine,-25,0.3,CBLE-median,0.1,3
1544,sine,-25,0.3,CBLE-median,0.2,4
1545,sine,-25,0.3,CBLE-median,0.15,5
1546,sine,-25,0.3,CBLE-median,0.05,6
1547,sine,-25,0.3,CBLE-median,0.1,7
1548,sine,-25,0.3,CBLE-median,0.15,8
1549,sine,-25,0.3,CBLE-median,0.1,9
1550,sine,-25,0.3,WCBLE-median,0.45,0
1551,sine,-25,0.3,WCBLE-median,0.3,1
1552,sine,-25,0.3,WCBLE-median,0.25,2
1553,sine,-25,0.3,WCBLE-median,0.35,3
1554,sine,-25,0.3,WCBLE-median,0.45,4
1555,sine,-25,0.3,WCBLE-median,0.2,5
1556,sine,-25,0.3,WCBLE-median,0.3,6
1557,sine,-25,0.3,WCBLE-median,0.25,7
1558,sine,-25,0.3,WCBLE-median,0.6,8
1559,sine,-25,0.3,WCBLE-median,0.8,9
1560,sine,-26,0.1,CBLE-median,0.6,0
1561,sine,-26,0.1,CBLE-median,0.45,1
1562,sine,-26,0.1,CBLE-median,0.55,2
1563,sine,-26,0.1,CBLE-median,0.55,3
1564,sine,-26,0.1,CBLE-median,0.55,4
1565,sine,-26,0.1,CBLE-median,0.55,5
1566,sine,-26,0.1,CBLE-median,0.45,6
1567,sine,-26,0.1,CBLE-median,0.4,7
1568,sine,-26,0.1,CBLE-median,0.65,8
1569,sine,-26,0.1,CBLE-median,0.45,9
1570,sine,-26,0.1,WCBLE-median,0.8,0
1571,sine,-26,0.1,WCBLE-median,0.7,1
1572,sine,-26,0.1,WCBLE-median,0.85,2
1573,sine,-26,0.1,WCBLE-median,0.8,3
1574,sine,-26,0.1,WCBLE-median,1.0,4
1575,sine,-26,0.1,WCBLE-median,0.85,5
1576,sine,-26,0.1,WCBLE-median,0.65,6
1577,sine,-26,0.1,WCBLE-median,0.75,7
1578,sine,-26,0.1,WCBLE-median,0.7,8
1579,sine,-26,0.1,WCBLE-median,0.7,9
1580,sine,-26,0.2,CBLE-median,0.25,0
1581,sine,-26,0.2,CBLE-median,0.25,1
1582,sine,-26,0.2,CBLE-median,0.3,2
1583,sine,-26,0.2,CBLE-median,0.2,3
1584,sine,-26,0.2,CBLE-median,0.25,4
1585,sine,-26,0.2,CBLE-median,0.4,5
1586,sine,-26,0.2,CBLE-median,0.3,6
1587,sine,-26,0.2,CBLE-median,0.2,7
1588,sine,-26,0.2,CBLE-median,0.3,8
1589,sine,-26,0.2,CBLE-median,0.25,9
1590,sine,-26,0.2,WCBLE-median,0.75,0
1591,sine,-26,0.2,WCBLE-median,0.25,1
1592,sine,-26,0.2,WCBLE-median,0.35,2
1593,sine,-26,0.2,WCBLE-median,0.3,3
1594,sine,-26,0.2,WCBLE-median,0.65,4
1595,sine,-26,0.2,WCBLE-median,0.7,5
1596,sine,-26,0.2,WCBLE-median,0.4,6
1597,sine,-26,0.2,WCBLE-median,0.3,7
1598,sine,-26,0.2,WCBLE-median,0.65,8
1599,sine,-26,0.2,WCBLE-median,0.85,9
1600,sine,-26,0.3,CBLE-median,0.1,0
1601,sine,-26,0.3,CBLE-median,0.1,1
1602,sine,-26,0.3,CBLE-median,0.15,2
1603,sine,-26,0.3,CBLE-median,0.1,3
1604,sine,-26,0.3,CBLE-median,0.15,4
1605,sine,-26,0.3,CBLE-median,0.15,5
1606,sine,-26,0.3,CBLE-median,0.05,6
1607,sine,-26,0.3,CBLE-median,0.1,7
1608,sine,-26,0.3,CBLE-median,0.15,8
1609,sine,-26,0.3,CBLE-median,0.1,9
1610,sine,-26,0.3,WCBLE-median,0.2,0
1611,sine,-26,0.3,WCBLE-median,0.2,1
1612,sine,-26,0.3,WCBLE-median,0.2,2
1613,sine,-26,0.3,WCBLE-median,0.35,3
1614,sine,-26,0.3,WCBLE-median,0.2,4
1615,sine,-26,0.3,WCBLE-median,0.3,5
1616,sine,-26,0.3,WCBLE-median,0.25,6
1617,sine,-26,0.3,WCBLE-median,0.2,7
1618,sine,-26,0.3,WCBLE-median,0.25,8
1619,sine,-26,0.3,WCBLE-median,0.7,9
1620,sine,-27,0.1,CBLE-median,0.55,0
1621,sine,-27,0.1,CBLE-median,0.45,1
1622,sine,-27,0.1,CBLE-median,0.55,2
1623,sine,-27,0.1,CBLE-median,0.45,3
1624,sine,-27,0.1,CBLE-median,0.55,4
1625,sine,-27,0.1,CBLE-median,0.55,5
1626,sine,-27,0.1,CBLE-median,0.4,6
1627,sine,-27,0.1,CBLE-median,0.35,7
1628,sine,-27,0.1,CBLE-median,0.6,8
1629,sine,-27,0.1,CBLE-median,0.4,9
1630,sine,-27,0.1,WCBLE-median,0.75,0
1631,sine,-27,0.1,WCBLE-median,0.7,1
1632,sine,-27,0.1,WCBLE-median,0.8,2
1633,sine,-27,0.1,WCBLE-median,0.8,3
1634,sine,-27,0.1,WCBLE-median,0.95,4
1635,sine,-27,0.1,WCBLE-median,0.7,5
1636,sine,-27,0.1,WCBLE-median,0.7,6
1637,sine,-27,0.1,WCBLE-median,0.8,7
1638,sine,-27,0.1,WCBLE-median,0.7,8
1639,sine,-27,0.1,WCBLE-median,0.8,9
1640,sine,-27,0.2,CBLE-median,0.2,0
1641,sine,-27,0.2,CBLE-median,0.25,1
1642,sine,-27,0.2,CBLE-median,0.25,2
1643,sine,-27,0.2,CBLE-median,0.15,3
1644,sine,-27,0.2,CBLE-median,0.3,4
1645,sine,-27,0.2,CBLE-median,0.4,5
1646,sine,-27,0.2,CBLE-median,0.25,6
1647,sine,-27,0.2,CBLE-median,0.15,7
1648,sine,-27,0.2,CBLE-median,0.25,8
1649,sine,-27,0.2,CBLE-median,0.25,9
1650,sine,-27,0.2,WCBLE-median,0.35,0
1651,sine,-27,0.2,WCBLE-median,0.3,1
1652,sine,-27,0.2,WCBLE-median,0.6,2
1653,sine,-27,0.2,WCBLE-median,0.3,3
1654,sine,-27,0.2,WCBLE-median,0.3,4
1655,sine,-27,0.2,WCBLE-median,0.4,5
1656,sine,-27,0.2,WCBLE-median,0.4,6
1657,sine,-27,0.2,WCBLE-median,0.3,7
1658,sine,-27,0.2,WCBLE-median,0.3,8
1659,sine,-27,0.2,WCBLE-median,0.75,9
1660,sine,-27,0.3,CBLE-median,0.1,0
1661,sine,-27,0.3,CBLE-median,0.1,1
1662,sine,-27,0.3,CBLE-median,0.15,2
1663,sine,-27,0.3,CBLE-median,0.1,3
1664,sine,-27,0.3,CBLE-median,0.25,4
1665,sine,-27,0.3,CBLE-median,0.1,5
1666,sine,-27,0.3,CBLE-median,0.05,6
1667,sine,-27,0.3,CBLE-median,0.1,7
1668,sine,-27,0.3,CBLE-median,0.1,8
1669,sine,-27,0.3,CBLE-median,0.1,9
1670,sine,-27,0.3,WCBLE-median,0.15,0
1671,sine,-27,0.3,WCBLE-median,0.2,1
1672,sine,-27,0.3,WCBLE-median,0.3,2
1673,sine,-27,0.3,WCBLE-median,0.25,3
1674,sine,-27,0.3,WCBLE-median,0.35,4
1675,sine,-27,0.3,WCBLE-median,0.35,5
1676,sine,-27,0.3,WCBLE-median,0.25,6
1677,sine,-27,0.3,WCBLE-median,0.25,7
1678,sine,-27,0.3,WCBLE-median,0.3,8
1679,sine,-27,0.3,WCBLE-median,0.15,9
1680,sine,-28,0.1,CBLE-median,0.5,0
1681,sine,-28,0.1,CBLE-median,0.4,1
1682,sine,-28,0.1,CBLE-median,0.55,2
1683,sine,-28,0.1,CBLE-median,0.45,3
1684,sine,-28,0.1,CBLE-median,0.55,4
1685,sine,-28,0.1,CBLE-median,0.5,5
1686,sine,-28,0.1,CBLE-median,0.4,6
1687,sine,-28,0.1,CBLE-median,0.3,7
1688,sine,-28,0.1,CBLE-median,0.5,8
1689,sine,-28,0.1,CBLE-median,0.35,9
1690,sine,-28,0.1,WCBLE-median,0.45,0
1691,sine,-28,0.1,WCBLE-median,0.35,1
1692,sine,-28,0.1,WCBLE-median,0.45,2
1693,sine,-28,0.1,WCBLE-median,0.6,3
1694,sine,-28,0.1,WCBLE-median,0.7,4
1695,sine,-28,0.1,WCBLE-median,0.4,5
1696,sine,-28,0.1,WCBLE-median,0.5,6
1697,sine,-28,0.1,WCBLE-median,0.35,7
1698,sine,-28,0.1,WCBLE-median,0.7,8
1699,sine,-28,0.1,WCBLE-median,0.55,9
1700,sine,-28,0.2,CBLE-median,0.2,0
1701,sine,-28,0.2,CBLE-median,0.2,1
1702,sine,-28,0.2,CBLE-median,0.25,2
1703,sine,-28,0.2,CBLE-median,0.1,3
1704,sine,-28,0.2,CBLE-median,0.25,4
1705,sine,-28,0.2,CBLE-median,0.3,5
1706,sine,-28,0.2,CBLE-median,0.15,6
1707,sine,-28,0.2,CBLE-median,0.15,7
1708,sine,-28,0.2,CBLE-median,0.2,8
1709,sine,-28,0.2,CBLE-median,0.2,9
1710,sine,-28,0.2,WCBLE-median,0.2,0
1711,sine,-28,0.2,WCBLE-median,0.2,1
1712,sine,-28,0.2,WCBLE-median,0.35,2
1713,sine,-28,0.2,WCBLE-median,0.2,3
1714,sine,-28,0.2,WCBLE-median,0.35,4
1715,sine,-28,0.2,WCBLE-median,0.25,5
1716,sine,-28,0.2,WCBLE-median,0.35,6
1717,sine,-28,0.2,WCBLE-median,0.2,7
1718,sine,-28,0.2,WCBLE-median,0.35,8
1719,sine,-28,0.2,WCBLE-median,0.25,9
1720,sine,-28,0.3,CBLE-median,0.1,0
1721,sine,-28,0.3,CBLE-median,0.1,1
1722,sine,-28,0.3,CBLE-median,0.15,2
1723,sine,-28,0.3,CBLE-median,0.05,3
1724,sine,-28,0.3,CBLE-median,0.25,4
1725,sine,-28,0.3,CBLE-median,0.05,5
1726,sine,-28,0.3,CBLE-median,0.05,6
1727,sine,-28,0.3,CBLE-median,0.1,7
1728,sine,-28,0.3,CBLE-median,0.1,8
1729,sine,-28,0.3,CBLE-median,0.1,9
1730,sine,-28,0.3,WCBLE-median,0.15,0
1731,sine,-28,0.3,WCBLE-median,0.2,1
1732,sine,-28,0.3,WCBLE-median,0.15,2
1733,sine,-28,0.3,WCBLE-median,0.25,3
1734,sine,-28,0.3,WCBLE-median,0.5,4
1735,sine,-28,0.3,WCBLE-median,0.2,5
1736,sine,-28,0.3,WCBLE-median,0.2,6
1737,sine,-28,0.3,WCBLE-median,0.3,7
1738,sine,-28,0.3,WCBLE-median,0.15,8
1739,sine,-28,0.3,WCBLE-median,0.1,9
1740,sine,-29,0.1,CBLE-median,0.45,0
1741,sine,-29,0.1,CBLE-median,0.35,1
1742,sine,-29,0.1,CBLE-median,0.5,2
1743,sine,-29,0.1,CBLE-median,0.4,3
1744,sine,-29,0.1,CBLE-median,0.5,4
1745,sine,-29,0.1,CBLE-median,0.45,5
1746,sine,-29,0.1,CBLE-median,0.4,6
1747,sine,-29,0.1,CBLE-median,0.3,7
1748,sine,-29,0.1,CBLE-median,0.5,8
1749,sine,-29,0.1,CBLE-median,0.35,9
1750,sine,-29,0.1,WCBLE-median,0.25,0
1751,sine,-29,0.1,WCBLE-median,0.2,1
1752,sine,-29,0.1,WCBLE-median,0.25,2
1753,sine,-29,0.1,WCBLE-median,0.5,3
1754,sine,-29,0.1,WCBLE-median,0.45,4
1755,sine,-29,0.1,WCBLE-median,0.45,5
1756,sine,-29,0.1,WCBLE-median,0.35,6
1757,sine,-29,0.1,WCBLE-median,0.35,7
1758,sine,-29,0.1,WCBLE-median,0.45,8
1759,sine,-29,0.1,WCBLE-median,0.3,9
1760,sine,-29,0.2,CBLE-median,0.15,0
1761,sine,-29,0.2,CBLE-median,0.15,1
1762,sine,-29,0.2,CBLE-median,0.2,2
1763,sine,-29,0.2,CBLE-median,0.1,3
1764,sine,-29,0.2,CBLE-median,0.25,4
1765,sine,-29,0.2,CBLE-median,0.3,5
1766,sine,-29,0.2,CBLE-median,0.05,6
1767,sine,-29,0.2,CBLE-median,0.2,7
1768,sine,-29,0.2,CBLE-median,0.15,8
1769,sine,-29,0.2,CBLE-median,0.15,9
1770,sine,-29,0.2,WCBLE-median,0.2,0
1771,sine,-29,0.2,WCBLE-median,0.15,1
1772,sine,-29,0.2,WCBLE-median,0.3,2
1773,sine,-29,0.2,WCBLE-median,0.15,3
1774,sine,-29,0.2,WCBLE-median,0.35,4
1775,sine,-29,0.2,WCBLE-median,0.25,5
1776,sine,-29,0.2,WCBLE-median,0.4,6
1777,sine,-29,0.2,WCBLE-median,0.3,7
1778,sine,-29,0.2,WCBLE-median,0.35,8
1779,sine,-29,0.2,WCBLE-median,0.2,9
1780,sine,-29,0.3,CBLE-median,0.1,0
1781,sine,-29,0.3,CBLE-median,0.1,1
1782,sine,-29,0.3,CBLE-median,0.15,2
1783,sine,-29,0.3,CBLE-median,0.05,3
1784,sine,-29,0.3,CBLE-median,0.25,4
1785,sine,-29,0.3,CBLE-median,0.05,5
1786,sine,-29,0.3,CBLE-median,0.05,6
1787,sine,-29,0.3,CBLE-median,0.1,7
1788,sine,-29,0.3,CBLE-median,0.15,8
1789,sine,-29,0.3,CBLE-median,0.1,9
1790,sine,-29,0.3,WCBLE-median,0.15,0
1791,sine,-29,0.3,WCBLE-median,0.15,1
1792,sine,-29,0.3,WCBLE-median,0.35,2
1793,sine,-29,0.3,WCBLE-median,0.1,3
1794,sine,-29,0.3,WCBLE-median,0.3,4
1795,sine,-29,0.3,WCBLE-median,0.2,5
1796,sine,-29,0.3,WCBLE-median,0.25,6
1797,sine,-29,0.3,WCBLE-median,0.15,7
1798,sine,-29,0.3,WCBLE-median,0.2,8
1799,sine,-29,0.3,WCBLE-median,0.1,9
1800,sine,-30,0.1,CBLE-median,0.4,0
1801,sine,-30,0.1,CBLE-median,0.35,1
1802,sine,-30,0.1,CBLE-median,0.45,2
1803,sine,-30,0.1,CBLE-median,0.35,3
1804,sine,-30,0.1,CBLE-median,0.5,4
1805,sine,-30,0.1,CBLE-median,0.45,5
1806,sine,-30,0.1,CBLE-median,0.4,6
1807,sine,-30,0.1,CBLE-median,0.3,7
1808,sine,-30,0.1,CBLE-median,0.4,8
1809,sine,-30,0.1,CBLE-median,0.3,9
1810,sine,-30,0.1,WCBLE-median,0.3,0
1811,sine,-30,0.1,WCBLE-median,0.3,1
1812,sine,-30,0.1,WCBLE-median,0.25,2
1813,sine,-30,0.1,WCBLE-median,0.3,3
1814,sine,-30,0.1,WCBLE-median,0.45,4
1815,sine,-30,0.1,WCBLE-median,0.3,5
1816,sine,-30,0.1,WCBLE-median,0.35,6
1817,sine,-30,0.1,WCBLE-median,0.3,7
1818,sine,-30,0.1,WCBLE-median,0.5,8
1819,sine,-30,0.1,WCBLE-median,0.25,9
1820,sine,-30,0.2,CBLE-median,0.15,0
1821,sine,-30,0.2,CBLE-median,0.15,1
1822,sine,-30,0.2,CBLE-median,0.2,2
1823,sine,-30,0.2,CBLE-median,0.1,3
1824,sine,-30,0.2,CBLE-median,0.3,4
1825,sine,-30,0.2,CBLE-median,0.15,5
1826,sine,-30,0.2,CBLE-median,0.05,6
1827,sine,-30,0.2,CBLE-median,0.15,7
1828,sine,-30,0.2,CBLE-median,0.15,8
1829,sine,-30,0.2,CBLE-median,0.15,9
1830,sine,-30,0.2,WCBLE-median,0.1,0
1831,sine,-30,0.2,WCBLE-median,0.15,1
1832,sine,-30,0.2,WCBLE-median,0.3,2
1833,sine,-30,0.2,WCBLE-median,0.15,3
1834,sine,-30,0.2,WCBLE-median,0.3,4
1835,sine,-30,0.2,WCBLE-median,0.3,5
1836,sine,-30,0.2,WCBLE-median,0.25,6
1837,sine,-30,0.2,WCBLE-median,0.15,7
1838,sine,-30,0.2,WCBLE-median,0.2,8
1839,sine,-30,0.2,WCBLE-median,0.2,9
1840,sine,-30,0.3,CBLE-median,0.05,0
1841,sine,-30,0.3,CBLE-median,0.1,1
1842,sine,-30,0.3,CBLE-median,0.05,2
1843,sine,-30,0.3,CBLE-median,0.05,3
1844,sine,-30,0.3,CBLE-median,0.2,4
1845,sine,-30,0.3,CBLE-median,0.05,5
1846,sine,-30,0.3,CBLE-median,0.05,6
1847,sine,-30,0.3,CBLE-median,0.1,7
1848,sine,-30,0.3,CBLE-median,0.15,8
1849,sine,-30,0.3,CBLE-median,0.1,9
1850,sine,-30,0.3,WCBLE-median,0.15,0
1851,sine,-30,0.3,WCBLE-median,0.15,1
1852,sine,-30,0.3,WCBLE-median,0.25,2
1853,sine,-30,0.3,WCBLE-median,0.1,3
1854,sine,-30,0.3,WCBLE-median,0.3,4
1855,sine,-30,0.3,WCBLE-median,0.1,5
1856,sine,-30,0.3,WCBLE-median,0.15,6
1857,sine,-30,0.3,WCBLE-median,0.2,7
1858,sine,-30,0.3,WCBLE-median,0.1,8
1859,sine,-30,0.3,WCBLE-median,0.2,9
1860,sine,-31,0.1,CBLE-median,0.35,0
1861,sine,-31,0.1,CBLE-median,0.3,1
1862,sine,-31,0.1,CBLE-median,0.4,2
1863,sine,-31,0.1,CBLE-median,0.25,3
1864,sine,-31,0.1,CBLE-median,0.4,4
1865,sine,-31,0.1,CBLE-median,0.45,5
1866,sine,-31,0.1,CBLE-median,0.25,6
1867,sine,-31,0.1,CBLE-median,0.2,7
1868,sine,-31,0.1,CBLE-median,0.3,8
1869,sine,-31,0.1,CBLE-median,0.25,9
1870,sine,-31,0.1,WCBLE-median,0.3,0
1871,sine,-31,0.1,WCBLE-median,0.3,1
1872,sine,-31,0.1,WCBLE-median,0.3,2
1873,sine,-31,0.1,WCBLE-median,0.4,3
1874,sine,-31,0.1,WCBLE-median,0.4,4
1875,sine,-31,0.1,WCBLE-median,0.3,5
1876,sine,-31,0.1,WCBLE-median,0.4,6
1877,sine,-31,0.1,WCBLE-median,0.35,7
1878,sine,-31,0.1,WCBLE-median,0.4,8
1879,sine,-31,0.1,WCBLE-median,0.2,9
1880,sine,-31,0.2,CBLE-median,0.15,0
1881,sine,-31,0.2,CBLE-median,0.1,1
1882,sine,-31,0.2,CBLE-median,0.2,2
1883,sine,-31,0.2,CBLE-median,0.1,3
1884,sine,-31,0.2,CBLE-median,0.2,4
1885,sine,-31,0.2,CBLE-median,0.1,5
1886,sine,-31,0.2,CBLE-median,0.05,6
1887,sine,-31,0.2,CBLE-median,0.15,7
1888,sine,-31,0.2,CBLE-median,0.15,8
1889,sine,-31,0.2,CBLE-median,0.1,9
1890,sine,-31,0.2,WCBLE-median,0.15,0
1891,sine,-31,0.2,WCBLE-median,0.15,1
1892,sine,-31,0.2,WCBLE-median,0.25,2
1893,sine,-31,0.2,WCBLE-median,0.15,3
1894,sine,-31,0.2,WCBLE-median,0.3,4
1895,sine,-31,0.2,WCBLE-median,0.3,5
1896,sine,-31,0.2,WCBLE-median,0.25,6
1897,sine,-31,0.2,WCBLE-median,0.2,7
1898,sine,-31,0.2,WCBLE-median,0.15,8
1899,sine,-31,0.2,WCBLE-median,0.25,9
1900,sine,-31,0.3,CBLE-median,0.05,0
1901,sine,-31,0.3,CBLE-median,0.1,1
1902,sine,-31,0.3,CBLE-median,0.05,2
1903,sine,-31,0.3,CBLE-median,0.05,3
1904,sine,-31,0.3,CBLE-median,0.2,4
1905,sine,-31,0.3,CBLE-median,0.05,5
1906,sine,-31,0.3,CBLE-median,0.05,6
1907,sine,-31,0.3,CBLE-median,0.1,7
1908,sine,-31,0.3,CBLE-median,0.15,8
1909,sine,-31,0.3,CBLE-median,0.1,9
1910,sine,-31,0.3,WCBLE-median,0.2,0
1911,sine,-31,0.3,WCBLE-median,0.25,1
1912,sine,-31,0.3,WCBLE-median,0.25,2
1913,sine,-31,0.3,WCBLE-median,0.15,3
1914,sine,-31,0.3,WCBLE-median,0.4,4
1915,sine,-31,0.3,WCBLE-median,0.2,5
1916,sine,-31,0.3,WCBLE-median,0.1,6
1917,sine,-31,0.3,WCBLE-median,0.2,7
1918,sine,-31,0.3,WCBLE-median,0.25,8
1919,sine,-31,0.3,WCBLE-median,0.2,9
0,sine,0,0.1,tlda,0.9,0
1,sine,0,0.1,tlda,0.85,1
2,sine,0,0.1,tlda,0.9,2
3,sine,0,0.1,tlda,0.95,3
4,sine,0,0.1,tlda,0.95,4
5,sine,0,0.1,tlda,0.85,5
6,sine,0,0.1,tlda,0.85,6
7,sine,0,0.1,tlda,0.95,7
8,sine,0,0.1,tlda,0.85,8
9,sine,0,0.1,tlda,0.8,9
10,sine,0,0.2,tlda,0.6,0
11,sine,0,0.2,tlda,0.55,1
12,sine,0,0.2,tlda,0.5,2
13,sine,0,0.2,tlda,0.45,3
14,sine,0,0.2,tlda,0.45,4
15,sine,0,0.2,tlda,0.75,5
16,sine,0,0.2,tlda,0.55,6
17,sine,0,0.2,tlda,0.65,7
18,sine,0,0.2,tlda,0.5,8
19,sine,0,0.2,tlda,0.55,9
20,sine,0,0.3,tlda,0.25,0
21,sine,0,0.3,tlda,0.35,1
22,sine,0,0.3,tlda,0.2,2
23,sine,0,0.3,tlda,0.2,3
24,sine,0,0.3,tlda,0.35,4
25,sine,0,0.3,tlda,0.35,5
26,sine,0,0.3,tlda,0.25,6
27,sine,0,0.3,tlda,0.35,7
28,sine,0,0.3,tlda,0.15,8
29,sine,0,0.3,tlda,0.25,9
30,sine,-1,0.1,tlda,0.9,0
31,sine,-1,0.1,tlda,0.85,1
32,sine,-1,0.1,tlda,0.85,2
33,sine,-1,0.1,tlda,0.9,3
34,sine,-1,0.1,tlda,0.95,4
35,sine,-1,0.1,tlda,0.85,5
36,sine,-1,0.1,tlda,0.85,6
37,sine,-1,0.1,tlda,0.95,7
38,sine,-1,0.1,tlda,0.85,8
39,sine,-1,0.1,tlda,0.75,9
40,sine,-1,0.2,tlda,0.5,0
41,sine,-1,0.2,tlda,0.55,1
42,sine,-1,0.2,tlda,0.45,2
43,sine,-1,0.2,tlda,0.4,3
44,sine,-1,0.2,tlda,0.45,4
45,sine,-1,0.2,tlda,0.7,5
46,sine,-1,0.2,tlda,0.5,6
47,sine,-1,0.2,tlda,0.6,7
48,sine,-1,0.2,tlda,0.4,8
49,sine,-1,0.2,tlda,0.45,9
50,sine,-1,0.3,tlda,0.2,0
51,sine,-1,0.3,tlda,0.35,1
52,sine,-1,0.3,tlda,0.1,2
53,sine,-1,0.3,tlda,0.2,3
54,sine,-1,0.3,tlda,0.35,4
55,sine,-1,0.3,tlda,0.3,5
56,sine,-1,0.3,tlda,0.2,6
57,sine,-1,0.3,tlda,0.3,7
58,sine,-1,0.3,tlda,0.15,8
59,sine,-1,0.3,tlda,0.25,9
60,sine,-2,0.1,tlda,0.9,0
61,sine,-2,0.1,tlda,0.85,1
62,sine,-2,0.1,tlda,0.85,2
63,sine,-2,0.1,tlda,0.9,3
64,sine,-2,0.1,tlda,0.95,4
65,sine,-2,0.1,tlda,0.85,5
66,sine,-2,0.1,tlda,0.8,6
67,sine,-2,0.1,tlda,0.95,7
68,sine,-2,0.1,tlda,0.8,8
69,sine,-2,0.1,tlda,0.75,9
70,sine,-2,0.2,tlda,0.45,0
71,sine,-2,0.2,tlda,0.5,1
72,sine,-2,0.2,tlda,0.45,2
73,sine,-2,0.2,tlda,0.35,3
74,sine,-2,0.2,tlda,0.4,4
75,sine,-2,0.2,tlda,0.7,5
76,sine,-2,0.2,tlda,0.45,6
77,sine,-2,0.2,tlda,0.55,7
78,sine,-2,0.2,tlda,0.4,8
79,sine,-2,0.2,tlda,0.4,9
80,sine,-2,0.3,tlda,0.2,0
81,sine,-2,0.3,tlda,0.2,1
82,sine,-2,0.3,tlda,0.1,2
83,sine,-2,0.3,tlda,0.2,3
84,sine,-2,0.3,tlda,0.35,4
85,sine,-2,0.3,tlda,0.25,5
86,sine,-2,0.3,tlda,0.1,6
87,sine,-2,0.3,tlda,0.25,7
88,sine,-2,0.3,tlda,0.15,8
89,sine,-2,0.3,tlda,0.25,9
90,sine,-3,0.1,tlda,0.9,0
91,sine,-3,0.1,tlda,0.85,1
92,sine,-3,0.1,tlda,0.85,2
93,sine,-3,0.1,tlda,0.9,3
94,sine,-3,0.1,tlda,0.9,4
95,sine,-3,0.1,tlda,0.8,5
96,sine,-3,0.1,tlda,0.8,6
97,sine,-3,0.1,tlda,0.95,7
98,sine,-3,0.1,tlda,0.8,8
99,sine,-3,0.1,tlda,0.7,9
100,sine,-3,0.2,tlda,0.35,0
101,sine,-3,0.2,tlda,0.45,1
102,sine,-3,0.2,tlda,0.4,2
103,sine,-3,0.2,tlda,0.35,3
104,sine,-3,0.2,tlda,0.4,4
105,sine,-3,0.2,tlda,0.55,5
106,sine,-3,0.2,tlda,0.45,6
107,sine,-3,0.2,tlda,0.55,7
108,sine,-3,0.2,tlda,0.4,8
109,sine,-3,0.2,tlda,0.35,9
110,sine,-3,0.3,tlda,0.15,0
111,sine,-3,0.3,tlda,0.2,1
112,sine,-3,0.3,tlda,0.1,2
113,sine,-3,0.3,tlda,0.2,3
114,sine,-3,0.3,tlda,0.3,4
115,sine,-3,0.3,tlda,0.1,5
116,sine,-3,0.3,tlda,0.1,6
117,sine,-3,0.3,tlda,0.2,7
118,sine,-3,0.3,tlda,0.15,8
119,sine,-3,0.3,tlda,0.25,9
120,sine,-4,0.1,tlda,0.9,0
121,sine,-4,0.1,tlda,0.85,1
122,sine,-4,0.1,tlda,0.8,2
123,sine,-4,0.1,tlda,0.9,3
124,sine,-4,0.1,tlda,0.85,4
125,sine,-4,0.1,tlda,0.8,5
126,sine,-4,0.1,tlda,0.8,6
127,sine,-4,0.1,tlda,0.95,7
128,sine,-4,0.1,tlda,0.8,8
129,sine,-4,0.1,tlda,0.65,9
130,sine,-4,0.2,tlda,0.35,0
131,sine,-4,0.2,tlda,0.45,1
132,sine,-4,0.2,tlda,0.35,2
133,sine,-4,0.2,tlda,0.3,3
134,sine,-4,0.2,tlda,0.4,4
135,sine,-4,0.2,tlda,0.45,5
136,sine,-4,0.2,tlda,0.3,6
137,sine,-4,0.2,tlda,0.5,7
138,sine,-4,0.2,tlda,0.35,8
139,sine,-4,0.2,tlda,0.35,9
140,sine,-4,0.3,tlda,0.1,0
141,sine,-4,0.3,tlda,0.2,1
142,sine,-4,0.3,tlda,0.05,2
143,sine,-4,0.3,tlda,0.15,3
144,sine,-4,0.3,tlda,0.3,4
145,sine,-4,0.3,tlda,0.05,5
146,sine,-4,0.3,tlda,0.1,6
147,sine,-4,0.3,tlda,0.2,7
148,sine,-4,0.3,tlda,0.15,8
149,sine,-4,0.3,tlda,0.2,9
150,sine,-5,0.1,tlda,0.9,0
151,sine,-5,0.1,tlda,0.8,1
152,sine,-5,0.1,tlda,0.8,2
153,sine,-5,0.1,tlda,0.9,3
154,sine,-5,0.1,tlda,0.8,4
155,sine,-5,0.1,tlda,0.8,5
156,sine,-5,0.1,tlda,0.8,6
157,sine,-5,0.1,tlda,0.9,7
158,sine,-5,0.1,tlda,0.8,8
159,sine,-5,0.1,tlda,0.65,9
160,sine,-5,0.2,tlda,0.2,0
161,sine,-5,0.2,tlda,0.4,1
162,sine,-5,0.2,tlda,0.35,2
163,sine,-5,0.2,tlda,0.25,3
164,sine,-5,0.2,tlda,0.3,4
165,sine,-5,0.2,tlda,0.4,5
166,sine,-5,0.2,tlda,0.25,6
167,sine,-5,0.2,tlda,0.45,7
168,sine,-5,0.2,tlda,0.35,8
169,sine,-5,0.2,tlda,0.3,9
170,sine,-5,0.3,tlda,0.1,0
171,sine,-5,0.3,tlda,0.2,1
172,sine,-5,0.3,tlda,0.05,2
173,sine,-5,0.3,tlda,0.15,3
174,sine,-5,0.3,tlda,0.3,4
175,sine,-5,0.3,tlda,0.05,5
176,sine,-5,0.3,tlda,0.1,6
177,sine,-5,0.3,tlda,0.2,7
178,sine,-5,0.3,tlda,0.15,8
179,sine,-5,0.3,tlda,0.2,9
180,sine,-6,0.1,tlda,0.85,0
181,sine,-6,0.1,tlda,0.75,1
182,sine,-6,0.1,tlda,0.8,2
183,sine,-6,0.1,tlda,0.75,3
184,sine,-6,0.1,tlda,0.75,4
185,sine,-6,0.1,tlda,0.8,5
186,sine,-6,0.1,tlda,0.8,6
187,sine,-6,0.1,tlda,0.9,7
188,sine,-6,0.1,tlda,0.8,8
189,sine,-6,0.1,tlda,0.65,9
190,sine,-6,0.2,tlda,0.2,0
191,sine,-6,0.2,tlda,0.4,1
192,sine,-6,0.2,tlda,0.3,2
193,sine,-6,0.2,tlda,0.25,3
194,sine,-6,0.2,tlda,0.25,4
195,sine,-6,0.2,tlda,0.35,5
196,sine,-6,0.2,tlda,0.2,6
197,sine,-6,0.2,tlda,0.4,7
198,sine,-6,0.2,tlda,0.3,8
199,sine,-6,0.2,tlda,0.3,9
200,sine,-6,0.3,tlda,0.1,0
201,sine,-6,0.3,tlda,0.2,1
202,sine,-6,0.3,tlda,0.05,2
203,sine,-6,0.3,tlda,0.15,3
204,sine,-6,0.3,tlda,0.25,4
205,sine,-6,0.3,tlda,0.05,5
206,sine,-6,0.3,tlda,0.1,6
207,sine,-6,0.3,tlda,0.2,7
208,sine,-6,0.3,tlda,0.15,8
209,sine,-6,0.3,tlda,0.2,9
210,sine,-7,0.1,tlda,0.85,0
211,sine,-7,0.1,tlda,0.7,1
212,sine,-7,0.1,tlda,0.75,2
213,sine,-7,0.1,tlda,0.75,3
214,sine,-7,0.1,tlda,0.75,4
215,sine,-7,0.1,tlda,0.8,5
216,sine,-7,0.1,tlda,0.8,6
217,sine,-7,0.1,tlda,0.9,7
218,sine,-7,0.1,tlda,0.75,8
219,sine,-7,0.1,tlda,0.65,9
220,sine,-7,0.2,tlda,0.2,0
221,sine,-7,0.2,tlda,0.35,1
222,sine,-7,0.2,tlda,0.3,2
223,sine,-7,0.2,tlda,0.2,3
224,sine,-7,0.2,tlda,0.25,4
225,sine,-7,0.2,tlda,0.25,5
226,sine,-7,0.2,tlda,0.15,6
227,sine,-7,0.2,tlda,0.3,7
228,sine,-7,0.2,tlda,0.15,8
229,sine,-7,0.2,tlda,0.3,9
230,sine,-7,0.3,tlda,0.1,0
231,sine,-7,0.3,tlda,0.2,1
232,sine,-7,0.3,tlda,0.05,2
233,sine,-7,0.3,tlda,0.1,3
234,sine,-7,0.3,tlda,0.25,4
235,sine,-7,0.3,tlda,0.05,5
236,sine,-7,0.3,tlda,0.1,6
237,sine,-7,0.3,tlda,0.2,7
238,sine,-7,0.3,tlda,0.15,8
239,sine,-7,0.3,tlda,0.2,9
240,sine,-8,0.1,tlda,0.8,0
241,sine,-8,0.1,tlda,0.65,1
242,sine,-8,0.1,tlda,0.7,2
243,sine,-8,0.1,tlda,0.75,3
244,sine,-8,0.1,tlda,0.75,4
245,sine,-8,0.1,tlda,0.8,5
246,sine,-8,0.1,tlda,0.8,6
247,sine,-8,0.1,tlda,0.9,7
248,sine,-8,0.1,tlda,0.75,8
249,sine,-8,0.1,tlda,0.65,9
250,sine,-8,0.2,tlda,0.2,0
251,sine,-8,0.2,tlda,0.3,1
252,sine,-8,0.2,tlda,0.25,2
253,sine,-8,0.2,tlda,0.2,3
254,sine,-8,0.2,tlda,0.25,4
255,sine,-8,0.2,tlda,0.2,5
256,sine,-8,0.2,tlda,0.15,6
257,sine,-8,0.2,tlda,0.3,7
258,sine,-8,0.2,tlda,0.15,8
259,sine,-8,0.2,tlda,0.25,9
260,sine,-8,0.3,tlda,0.05,0
261,sine,-8,0.3,tlda,0.2,1
262,sine,-8,0.3,tlda,0.05,2
263,sine,-8,0.3,tlda,0.1,3
264,sine,-8,0.3,tlda,0.25,4
265,sine,-8,0.3,tlda,0.05,5
266,sine,-8,0.3,tlda,0.1,6
267,sine,-8,0.3,tlda,0.15,7
268,sine,-8,0.3,tlda,0.15,8
269,sine,-8,0.3,tlda,0.15,9
270,sine,-9,0.1,tlda,0.65,0
271,sine,-9,0.1,tlda,0.65,1
272,sine,-9,0.1,tlda,0.7,2
273,sine,-9,0.1,tlda,0.7,3
274,sine,-9,0.1,tlda,0.75,4
275,sine,-9,0.1,tlda,0.8,5
276,sine,-9,0.1,tlda,0.7,6
277,sine,-9,0.1,tlda,0.8,7
278,sine,-9,0.1,tlda,0.7,8
279,sine,-9,0.1,tlda,0.65,9
280,sine,-9,0.2,tlda,0.2,0
281,sine,-9,0.2,tlda,0.3,1
282,sine,-9,0.2,tlda,0.2,2
283,sine,-9,0.2,tlda,0.2,3
284,sine,-9,0.2,tlda,0.25,4
285,sine,-9,0.2,tlda,0.15,5
286,sine,-9,0.2,tlda,0.1,6
287,sine,-9,0.2,tlda,0.3,7
288,sine,-9,0.2,tlda,0.15,8
289,sine,-9,0.2,tlda,0.25,9
290,sine,-9,0.3,tlda,0.05,0
291,sine,-9,0.3,tlda,0.15,1
292,sine,-9,0.3,tlda,0.05,2
293,sine,-9,0.3,tlda,0.1,3
294,sine,-9,0.3,tlda,0.25,4
295,sine,-9,0.3,tlda,0.05,5
296,sine,-9,0.3,tlda,0.1,6
297,sine,-9,0.3,tlda,0.15,7
298,sine,-9,0.3,tlda,0.15,8
299,sine,-9,0.3,tlda,0.15,9
300,sine,-10,0.1,tlda,0.65,0
301,sine,-10,0.1,tlda,0.65,1
302,sine,-10,0.1,tlda,0.65,2
303,sine,-10,0.1,tlda,0.65,3
304,sine,-10,0.1,tlda,0.65,4
305,sine,-10,0.1,tlda,0.8,5
306,sine,-10,0.1,tlda,0.65,6
307,sine,-10,0.1,tlda,0.75,7
308,sine,-10,0.1,tlda,0.7,8
309,sine,-10,0.1,tlda,0.65,9
310,sine,-10,0.2,tlda,0.2,0
311,sine,-10,0.2,tlda,0.3,1
312,sine,-10,0.2,tlda,0.2,2
313,sine,-10,0.2,tlda,0.2,3
314,sine,-10,0.2,tlda,0.25,4
315,sine,-10,0.2,tlda,0.15,5
316,sine,-10,0.2,tlda,0.1,6
317,sine,-10,0.2,tlda,0.25,7
318,sine,-10,0.2,tlda,0.15,8
319,sine,-10,0.2,tlda,0.2,9
320,sine,-10,0.3,tlda,0.05,0
321,sine,-10,0.3,tlda,0.15,1
322,sine,-10,0.3,tlda,0.05,2
323,sine,-10,0.3,tlda,0.1,3
324,sine,-10,0.3,tlda,0.25,4
325,sine,-10,0.3,tlda,0.05,5
326,sine,-10,0.3,tlda,0.1,6
327,sine,-10,0.3,tlda,0.1,7
328,sine,-10,0.3,tlda,0.15,8
329,sine,-10,0.3,tlda,0.1,9
330,sine,-11,0.1,tlda,0.65,0
331,sine,-11,0.1,tlda,0.6,1
332,sine,-11,0.1,tlda,0.65,2
333,sine,-11,0.1,tlda,0.6,3
334,sine,-11,0.1,tlda,0.65,4
335,sine,-11,0.1,tlda,0.8,5
336,sine,-11,0.1,tlda,0.6,6
337,sine,-11,0.1,tlda,0.6,7
338,sine,-11,0.1,tlda,0.5,8
339,sine,-11,0.1,tlda,0.65,9
340,sine,-11,0.2,tlda,0.2,0
341,sine,-11,0.2,tlda,0.25,1
342,sine,-11,0.2,tlda,0.15,2
343,sine,-11,0.2,tlda,0.2,3
344,sine,-11,0.2,tlda,0.25,4
345,sine,-11,0.2,tlda,0.15,5
346,sine,-11,0.2,tlda,0.1,6
347,sine,-11,0.2,tlda,0.25,7
348,sine,-11,0.2,tlda,0.15,8
349,sine,-11,0.2,tlda,0.15,9
350,sine,-11,0.3,tlda,0.05,0
351,sine,-11,0.3,tlda,0.15,1
352,sine,-11,0.3,tlda,0.05,2
353,sine,-11,0.3,tlda,0.05,3
354,sine,-11,0.3,tlda,0.25,4
355,sine,-11,0.3,tlda,0.05,5
356,sine,-11,0.3,tlda,0.1,6
357,sine,-11,0.3,tlda,0.1,7
358,sine,-11,0.3,tlda,0.15,8
359,sine,-11,0.3,tlda,0.1,9
360,sine,-12,0.1,tlda,0.6,0
361,sine,-12,0.1,tlda,0.6,1
362,sine,-12,0.1,tlda,0.6,2
363,sine,-12,0.1,tlda,0.6,3
364,sine,-12,0.1,tlda,0.6,4
365,sine,-12,0.1,tlda,0.7,5
366,sine,-12,0.1,tlda,0.5,6
367,sine,-12,0.1,tlda,0.55,7
368,sine,-12,0.1,tlda,0.5,8
369,sine,-12,0.1,tlda,0.5,9
370,sine,-12,0.2,tlda,0.2,0
371,sine,-12,0.2,tlda,0.25,1
372,sine,-12,0.2,tlda,0.1,2
373,sine,-12,0.2,tlda,0.15,3
374,sine,-12,0.2,tlda,0.2,4
375,sine,-12,0.2,tlda,0.15,5
376,sine,-12,0.2,tlda,0.1,6
377,sine,-12,0.2,tlda,0.2,7
378,sine,-12,0.2,tlda,0.15,8
379,sine,-12,0.2,tlda,0.15,9
380,sine,-12,0.3,tlda,0.05,0
381,sine,-12,0.3,tlda,0.15,1
382,sine,-12,0.3,tlda,0.05,2
383,sine,-12,0.3,tlda,0.05,3
384,sine,-12,0.3,tlda,0.25,4
385,sine,-12,0.3,tlda,0.05,5
386,sine,-12,0.3,tlda,0.1,6
387,sine,-12,0.3,tlda,0.1,7
388,sine,-12,0.3,tlda,0.15,8
389,sine,-12,0.3,tlda,0.1,9
390,sine,-13,0.1,tlda,0.5,0
391,sine,-13,0.1,tlda,0.55,1
392,sine,-13,0.1,tlda,0.5,2
393,sine,-13,0.1,tlda,0.5,3
394,sine,-13,0.1,tlda,0.6,4
395,sine,-13,0.1,tlda,0.65,5
396,sine,-13,0.1,tlda,0.4,6
397,sine,-13,0.1,tlda,0.5,7
398,sine,-13,0.1,tlda,0.4,8
399,sine,-13,0.1,tlda,0.5,9
400,sine,-13,0.2,tlda,0.15,0
401,sine,-13,0.2,tlda,0.2,1
402,sine,-13,0.2,tlda,0.05,2
403,sine,-13,0.2,tlda,0.1,3
404,sine,-13,0.2,tlda,0.2,4
405,sine,-13,0.2,tlda,0.15,5
406,sine,-13,0.2,tlda,0.1,6
407,sine,-13,0.2,tlda,0.15,7
408,sine,-13,0.2,tlda,0.15,8
409,sine,-13,0.2,tlda,0.1,9
410,sine,-13,0.3,tlda,0.05,0
411,sine,-13,0.3,tlda,0.15,1
412,sine,-13,0.3,tlda,0.05,2
413,sine,-13,0.3,tlda,0.05,3
414,sine,-13,0.3,tlda,0.25,4
415,sine,-13,0.3,tlda,0.05,5
416,sine,-13,0.3,tlda,0.1,6
417,sine,-13,0.3,tlda,0.1,7
418,sine,-13,0.3,tlda,0.15,8
419,sine,-13,0.3,tlda,0.1,9
420,sine,-14,0.1,tlda,0.45,0
421,sine,-14,0.1,tlda,0.45,1
422,sine,-14,0.1,tlda,0.45,2
423,sine,-14,0.1,tlda,0.5,3
424,sine,-14,0.1,tlda,0.6,4
425,sine,-14,0.1,tlda,0.65,5
426,sine,-14,0.1,tlda,0.4,6
427,sine,-14,0.1,tlda,0.5,7
428,sine,-14,0.1,tlda,0.4,8
429,sine,-14,0.1,tlda,0.45,9
430,sine,-14,0.2,tlda,0.1,0
431,sine,-14,0.2,tlda,0.2,1
432,sine,-14,0.2,tlda,0.05,2
433,sine,-14,0.2,tlda,0.1,3
434,sine,-14,0.2,tlda,0.2,4
435,sine,-14,0.2,tlda,0.1,5
436,sine,-14,0.2,tlda,0.1,6
437,sine,-14,0.2,tlda,0.15,7
438,sine,-14,0.2,tlda,0.15,8
439,sine,-14,0.2,tlda,0.1,9
440,sine,-14,0.3,tlda,0.05,0
441,sine,-14,0.3,tlda,0.15,1
442,sine,-14,0.3,tlda,0.05,2
443,sine,-14,0.3,tlda,0.05,3
444,sine,-14,0.3,tlda,0.25,4
445,sine,-14,0.3,tlda,0.05,5
446,sine,-14,0.3,tlda,0.1,6
447,sine,-14,0.3,tlda,0.1,7
448,sine,-14,0.3,tlda,0.15,8
449,sine,-14,0.3,tlda,0.1,9
450,sine,-15,0.1,tlda,0.4,0
451,sine,-15,0.1,tlda,0.45,1
452,sine,-15,0.1,tlda,0.45,2
453,sine,-15,0.1,tlda,0.4,3
454,sine,-15,0.1,tlda,0.55,4
455,sine,-15,0.1,tlda,0.5,5
456,sine,-15,0.1,tlda,0.4,6
457,sine,-15,0.1,tlda,0.4,7
458,sine,-15,0.1,tlda,0.35,8
459,sine,-15,0.1,tlda,0.4,9
460,sine,-15,0.2,tlda,0.1,0
461,sine,-15,0.2,tlda,0.2,1
462,sine,-15,0.2,tlda,0.05,2
463,sine,-15,0.2,tlda,0.1,3
464,sine,-15,0.2,tlda,0.2,4
465,sine,-15,0.2,tlda,0.1,5
466,sine,-15,0.2,tlda,0.1,6
467,sine,-15,0.2,tlda,0.15,7
468,sine,-15,0.2,tlda,0.15,8
469,sine,-15,0.2,tlda,0.1,9
470,sine,-15,0.3,tlda,0.05,0
471,sine,-15,0.3,tlda,0.15,1
472,sine,-15,0.3,tlda,0.05,2
473,sine,-15,0.3,tlda,0.05,3
474,sine,-15,0.3,tlda,0.25,4
475,sine,-15,0.3,tlda,0.05,5
476,sine,-15,0.3,tlda,0.1,6
477,sine,-15,0.3,tlda,0.1,7
478,sine,-15,0.3,tlda,0.15,8
479,sine,-15,0.3,tlda,0.05,9
480,sine,-16,0.1,tlda,0.4,0
481,sine,-16,0.1,tlda,0.45,1
482,sine,-16,0.1,tlda,0.4,2
483,sine,-16,0.1,tlda,0.4,3
484,sine,-16,0.1,tlda,0.55,4
485,sine,-16,0.1,tlda,0.45,5
486,sine,-16,0.1,tlda,0.35,6
487,sine,-16,0.1,tlda,0.4,7
488,sine,-16,0.1,tlda,0.3,8
489,sine,-16,0.1,tlda,0.35,9
490,sine,-16,0.2,tlda,0.1,0
491,sine,-16,0.2,tlda,0.2,1
492,sine,-16,0.2,tlda,0.05,2
493,sine,-16,0.2,tlda,0.1,3
494,sine,-16,0.2,tlda,0.2,4
495,sine,-16,0.2,tlda,0.05,5
496,sine,-16,0.2,tlda,0.1,6
497,sine,-16,0.2,tlda,0.15,7
498,sine,-16,0.2,tlda,0.15,8
499,sine,-16,0.2,tlda,0.1,9
500,sine,-16,0.3,tlda,0.05,0
501,sine,-16,0.3,tlda,0.15,1
502,sine,-16,0.3,tlda,0.05,2
503,sine,-16,0.3,tlda,0.05,3
504,sine,-16,0.3,tlda,0.25,4
505,sine,-16,0.3,tlda,0.05,5
506,sine,-16,0.3,tlda,0.1,6
507,sine,-16,0.3,tlda,0.1,7
508,sine,-16,0.3,tlda,0.15,8
509,sine,-16,0.3,tlda,0.05,9
510,sine,-17,0.1,tlda,0.35,0
511,sine,-17,0.1,tlda,0.4,1
512,sine,-17,0.1,tlda,0.35,2
513,sine,-17,0.1,tlda,0.25,3
514,sine,-17,0.1,tlda,0.35,4
515,sine,-17,0.1,tlda,0.4,5
516,sine,-17,0.1,tlda,0.35,6
517,sine,-17,0.1,tlda,0.4,7
518,sine,-17,0.1,tlda,0.3,8
519,sine,-17,0.1,tlda,0.3,9
520,sine,-17,0.2,tlda,0.1,0
521,sine,-17,0.2,tlda,0.2,1
522,sine,-17,0.2,tlda,0.05,2
523,sine,-17,0.2,tlda,0.1,3
524,sine,-17,0.2,tlda,0.2,4
525,sine,-17,0.2,tlda,0.05,5
526,sine,-17,0.2,tlda,0.1,6
527,sine,-17,0.2,tlda,0.15,7
528,sine,-17,0.2,tlda,0.15,8
529,sine,-17,0.2,tlda,0.1,9
530,sine,-17,0.3,tlda,0.05,0
531,sine,-17,0.3,tlda,0.15,1
532,sine,-17,0.3,tlda,0.05,2
533,sine,-17,0.3,tlda,0.05,3
534,sine,-17,0.3,tlda,0.2,4
535,sine,-17,0.3,tlda,0.05,5
536,sine,-17,0.3,tlda,0.1,6
537,sine,-17,0.3,tlda,0.15,7
538,sine,-17,0.3,tlda,0.15,8
539,sine,-17,0.3,tlda,0.05,9
540,sine,-18,0.1,tlda,0.3,0
541,sine,-18,0.1,tlda,0.4,1
542,sine,-18,0.1,tlda,0.25,2
543,sine,-18,0.1,tlda,0.25,3
544,sine,-18,0.1,tlda,0.3,4
545,sine,-18,0.1,tlda,0.4,5
546,sine,-18,0.1,tlda,0.3,6
547,sine,-18,0.1,tlda,0.4,7
548,sine,-18,0.1,tlda,0.3,8
549,sine,-18,0.1,tlda,0.3,9
550,sine,-18,0.2,tlda,0.05,0
551,sine,-18,0.2,tlda,0.2,1
552,sine,-18,0.2,tlda,0.05,2
553,sine,-18,0.2,tlda,0.1,3
554,sine,-18,0.2,tlda,0.2,4
555,sine,-18,0.2,tlda,0.05,5
556,sine,-18,0.2,tlda,0.1,6
557,sine,-18,0.2,tlda,0.15,7
558,sine,-18,0.2,tlda,0.15,8
559,sine,-18,0.2,tlda,0.1,9
560,sine,-18,0.3,tlda,0.05,0
561,sine,-18,0.3,tlda,0.15,1
562,sine,-18,0.3,tlda,0.05,2
563,sine,-18,0.3,tlda,0.05,3
564,sine,-18,0.3,tlda,0.2,4
565,sine,-18,0.3,tlda,0.05,5
566,sine,-18,0.3,tlda,0.1,6
567,sine,-18,0.3,tlda,0.15,7
568,sine,-18,0.3,tlda,0.15,8
569,sine,-18,0.3,tlda,0.05,9
570,sine,-19,0.1,tlda,0.3,0
571,sine,-19,0.1,tlda,0.35,1
572,sine,-19,0.1,tlda,0.25,2
573,sine,-19,0.1,tlda,0.25,3
574,sine,-19,0.1,tlda,0.3,4
575,sine,-19,0.1,tlda,0.35,5
576,sine,-19,0.1,tlda,0.3,6
577,sine,-19,0.1,tlda,0.3,7
578,sine,-19,0.1,tlda,0.3,8
579,sine,-19,0.1,tlda,0.25,9
580,sine,-19,0.2,tlda,0.05,0
581,sine,-19,0.2,tlda,0.2,1
582,sine,-19,0.2,tlda,0.05,2
583,sine,-19,0.2,tlda,0.1,3
584,sine,-19,0.2,tlda,0.15,4
585,sine,-19,0.2,tlda,0.05,5
586,sine,-19,0.2,tlda,0.1,6
587,sine,-19,0.2,tlda,0.15,7
588,sine,-19,0.2,tlda,0.15,8
589,sine,-19,0.2,tlda,0.1,9
590,sine,-19,0.3,tlda,0.05,0
591,sine,-19,0.3,tlda,0.15,1
592,sine,-19,0.3,tlda,0.05,2
593,sine,-19,0.3,tlda,0.05,3
594,sine,-19,0.3,tlda,0.2,4
595,sine,-19,0.3,tlda,0.05,5
596,sine,-19,0.3,tlda,0.1,6
597,sine,-19,0.3,tlda,0.15,7
598,sine,-19,0.3,tlda,0.1,8
599,sine,-19,0.3,tlda,0.05,9
600,sine,-20,0.1,tlda,0.2,0
601,sine,-20,0.1,tlda,0.2,1
602,sine,-20,0.1,tlda,0.2,2
603,sine,-20,0.1,tlda,0.25,3
604,sine,-20,0.1,tlda,0.25,4
605,sine,-20,0.1,tlda,0.2,5
606,sine,-20,0.1,tlda,0.3,6
607,sine,-20,0.1,tlda,0.3,7
608,sine,-20,0.1,tlda,0.3,8
609,sine,-20,0.1,tlda,0.2,9
610,sine,-20,0.2,tlda,0.05,0
611,sine,-20,0.2,tlda,0.2,1
612,sine,-20,0.2,tlda,0.05,2
613,sine,-20,0.2,tlda,0.05,3
614,sine,-20,0.2,tlda,0.15,4
615,sine,-20,0.2,tlda,0.05,5
616,sine,-20,0.2,tlda,0.05,6
617,sine,-20,0.2,tlda,0.15,7
618,sine,-20,0.2,tlda,0.15,8
619,sine,-20,0.2,tlda,0.1,9
620,sine,-20,0.3,tlda,0.05,0
621,sine,-20,0.3,tlda,0.15,1
622,sine,-20,0.3,tlda,0.05,2
623,sine,-20,0.3,tlda,0.05,3
624,sine,-20,0.3,tlda,0.2,4
625,sine,-20,0.3,tlda,0.05,5
626,sine,-20,0.3,tlda,0.1,6
627,sine,-20,0.3,tlda,0.15,7
628,sine,-20,0.3,tlda,0.1,8
629,sine,-20,0.3,tlda,0.05,9
630,sine,-21,0.1,tlda,0.2,0
631,sine,-21,0.1,tlda,0.2,1
632,sine,-21,0.1,tlda,0.15,2
633,sine,-21,0.1,tlda,0.2,3
634,sine,-21,0.1,tlda,0.25,4
635,sine,-21,0.1,tlda,0.2,5
636,sine,-21,0.1,tlda,0.25,6
637,sine,-21,0.1,tlda,0.3,7
638,sine,-21,0.1,tlda,0.25,8
639,sine,-21,0.1,tlda,0.15,9
640,sine,-21,0.2,tlda,0.05,0
641,sine,-21,0.2,tlda,0.2,1
642,sine,-21,0.2,tlda,0.05,2
643,sine,-21,0.2,tlda,0.05,3
644,sine,-21,0.2,tlda,0.15,4
645,sine,-21,0.2,tlda,0.05,5
646,sine,-21,0.2,tlda,0.05,6
647,sine,-21,0.2,tlda,0.15,7
648,sine,-21,0.2,tlda,0.15,8
649,sine,-21,0.2,tlda,0.1,9
650,sine,-21,0.3,tlda,0.05,0
651,sine,-21,0.3,tlda,0.15,1
652,sine,-21,0.3,tlda,0.05,2
653,sine,-21,0.3,tlda,0.05,3
654,sine,-21,0.3,tlda,0.2,4
655,sine,-21,0.3,tlda,0.05,5
656,sine,-21,0.3,tlda,0.1,6
657,sine,-21,0.3,tlda,0.15,7
658,sine,-21,0.3,tlda,0.1,8
659,sine,-21,0.3,tlda,0.05,9
660,sine,-22,0.1,tlda,0.2,0
661,sine,-22,0.1,tlda,0.2,1
662,sine,-22,0.1,tlda,0.1,2
663,sine,-22,0.1,tlda,0.15,3
664,sine,-22,0.1,tlda,0.2,4
665,sine,-22,0.1,tlda,0.15,5
666,sine,-22,0.1,tlda,0.15,6
667,sine,-22,0.1,tlda,0.25,7
668,sine,-22,0.1,tlda,0.25,8
669,sine,-22,0.1,tlda,0.15,9
670,sine,-22,0.2,tlda,0.05,0
671,sine,-22,0.2,tlda,0.2,1
672,sine,-22,0.2,tlda,0.05,2
673,sine,-22,0.2,tlda,0.05,3
674,sine,-22,0.2,tlda,0.15,4
675,sine,-22,0.2,tlda,0.05,5
676,sine,-22,0.2,tlda,0.05,6
677,sine,-22,0.2,tlda,0.1,7
678,sine,-22,0.2,tlda,0.15,8
679,sine,-22,0.2,tlda,0.1,9
680,sine,-22,0.3,tlda,0.05,0
681,sine,-22,0.3,tlda,0.15,1
682,sine,-22,0.3,tlda,0.0,2
683,sine,-22,0.3,tlda,0.05,3
684,sine,-22,0.3,tlda,0.2,4
685,sine,-22,0.3,tlda,0.05,5
686,sine,-22,0.3,tlda,0.1,6
687,sine,-22,0.3,tlda,0.15,7
688,sine,-22,0.3,tlda,0.1,8
689,sine,-22,0.3,tlda,0.05,9
690,sine,-23,0.1,tlda,0.2,0
691,sine,-23,0.1,tlda,0.2,1
692,sine,-23,0.1,tlda,0.1,2
693,sine,-23,0.1,tlda,0.15,3
694,sine,-23,0.1,tlda,0.2,4
695,sine,-23,0.1,tlda,0.15,5
696,sine,-23,0.1,tlda,0.15,6
697,sine,-23,0.1,tlda,0.15,7
698,sine,-23,0.1,tlda,0.15,8
699,sine,-23,0.1,tlda,0.15,9
700,sine,-23,0.2,tlda,0.05,0
701,sine,-23,0.2,tlda,0.2,1
702,sine,-23,0.2,tlda,0.05,2
703,sine,-23,0.2,tlda,0.05,3
704,sine,-23,0.2,tlda,0.1,4
705,sine,-23,0.2,tlda,0.05,5
706,sine,-23,0.2,tlda,0.05,6
707,sine,-23,0.2,tlda,0.1,7
708,sine,-23,0.2,tlda,0.15,8
709,sine,-23,0.2,tlda,0.1,9
710,sine,-23,0.3,tlda,0.05,0
711,sine,-23,0.3,tlda,0.15,1
712,sine,-23,0.3,tlda,0.0,2
713,sine,-23,0.3,tlda,0.05,3
714,sine,-23,0.3,tlda,0.2,4
715,sine,-23,0.3,tlda,0.05,5
716,sine,-23,0.3,tlda,0.1,6
717,sine,-23,0.3,tlda,0.15,7
718,sine,-23,0.3,tlda,0.15,8
719,sine,-23,0.3,tlda,0.05,9
720,sine,-24,0.1,tlda,0.1,0
721,sine,-24,0.1,tlda,0.2,1
722,sine,-24,0.1,tlda,0.05,2
723,sine,-24,0.1,tlda,0.15,3
724,sine,-24,0.1,tlda,0.2,4
725,sine,-24,0.1,tlda,0.1,5
726,sine,-24,0.1,tlda,0.1,6
727,sine,-24,0.1,tlda,0.1,7
728,sine,-24,0.1,tlda,0.1,8
729,sine,-24,0.1,tlda,0.15,9
730,sine,-24,0.2,tlda,0.05,0
731,sine,-24,0.2,tlda,0.2,1
732,sine,-24,0.2,tlda,0.05,2
733,sine,-24,0.2,tlda,0.05,3
734,sine,-24,0.2,tlda,0.1,4
735,sine,-24,0.2,tlda,0.05,5
736,sine,-24,0.2,tlda,0.05,6
737,sine,-24,0.2,tlda,0.1,7
738,sine,-24,0.2,tlda,0.15,8
739,sine,-24,0.2,tlda,0.05,9
740,sine,-24,0.3,tlda,0.05,0
741,sine,-24,0.3,tlda,0.15,1
742,sine,-24,0.3,tlda,0.0,2
743,sine,-24,0.3,tlda,0.05,3
744,sine,-24,0.3,tlda,0.2,4
745,sine,-24,0.3,tlda,0.05,5
746,sine,-24,0.3,tlda,0.1,6
747,sine,-24,0.3,tlda,0.15,7
748,sine,-24,0.3,tlda,0.15,8
749,sine,-24,0.3,tlda,0.05,9
750,sine,-25,0.1,tlda,0.1,0
751,sine,-25,0.1,tlda,0.2,1
752,sine,-25,0.1,tlda,0.05,2
753,sine,-25,0.1,tlda,0.1,3
754,sine,-25,0.1,tlda,0.2,4
755,sine,-25,0.1,tlda,0.1,5
756,sine,-25,0.1,tlda,0.1,6
757,sine,-25,0.1,tlda,0.1,7
758,sine,-25,0.1,tlda,0.1,8
759,sine,-25,0.1,tlda,0.15,9
760,sine,-25,0.2,tlda,0.05,0
761,sine,-25,0.2,tlda,0.2,1
762,sine,-25,0.2,tlda,0.05,2
763,sine,-25,0.2,tlda,0.05,3
764,sine,-25,0.2,tlda,0.1,4
765,sine,-25,0.2,tlda,0.05,5
766,sine,-25,0.2,tlda,0.05,6
767,sine,-25,0.2,tlda,0.1,7
768,sine,-25,0.2,tlda,0.15,8
769,sine,-25,0.2,tlda,0.05,9
770,sine,-25,0.3,tlda,0.05,0
771,sine,-25,0.3,tlda,0.15,1
772,sine,-25,0.3,tlda,0.0,2
773,sine,-25,0.3,tlda,0.05,3
774,sine,-25,0.3,tlda,0.2,4
775,sine,-25,0.3,tlda,0.05,5
776,sine,-25,0.3,tlda,0.1,6
777,sine,-25,0.3,tlda,0.15,7
778,sine,-25,0.3,tlda,0.15,8
779,sine,-25,0.3,tlda,0.05,9
780,sine,-26,0.1,tlda,0.1,0
781,sine,-26,0.1,tlda,0.2,1
782,sine,-26,0.1,tlda,0.05,2
783,sine,-26,0.1,tlda,0.05,3
784,sine,-26,0.1,tlda,0.2,4
785,sine,-26,0.1,tlda,0.1,5
786,sine,-26,0.1,tlda,0.05,6
787,sine,-26,0.1,tlda,0.1,7
788,sine,-26,0.1,tlda,0.1,8
789,sine,-26,0.1,tlda,0.15,9
790,sine,-26,0.2,tlda,0.05,0
791,sine,-26,0.2,tlda,0.15,1
792,sine,-26,0.2,tlda,0.05,2
793,sine,-26,0.2,tlda,0.05,3
794,sine,-26,0.2,tlda,0.1,4
795,sine,-26,0.2,tlda,0.05,5
796,sine,-26,0.2,tlda,0.05,6
797,sine,-26,0.2,tlda,0.1,7
798,sine,-26,0.2,tlda,0.15,8
799,sine,-26,0.2,tlda,0.05,9
800,sine,-26,0.3,tlda,0.05,0
801,sine,-26,0.3,tlda,0.1,1
802,sine,-26,0.3,tlda,0.0,2
803,sine,-26,0.3,tlda,0.05,3
804,sine,-26,0.3,tlda,0.2,4
805,sine,-26,0.3,tlda,0.05,5
806,sine,-26,0.3,tlda,0.1,6
807,sine,-26,0.3,tlda,0.15,7
808,sine,-26,0.3,tlda,0.15,8
809,sine,-26,0.3,tlda,0.1,9
810,sine,-27,0.1,tlda,0.1,0
811,sine,-27,0.1,tlda,0.2,1
812,sine,-27,0.1,tlda,0.05,2
813,sine,-27,0.1,tlda,0.05,3
814,sine,-27,0.1,tlda,0.2,4
815,sine,-27,0.1,tlda,0.1,5
816,sine,-27,0.1,tlda,0.05,6
817,sine,-27,0.1,tlda,0.1,7
818,sine,-27,0.1,tlda,0.1,8
819,sine,-27,0.1,tlda,0.15,9
820,sine,-27,0.2,tlda,0.05,0
821,sine,-27,0.2,tlda,0.15,1
822,sine,-27,0.2,tlda,0.0,2
823,sine,-27,0.2,tlda,0.05,3
824,sine,-27,0.2,tlda,0.1,4
825,sine,-27,0.2,tlda,0.05,5
826,sine,-27,0.2,tlda,0.05,6
827,sine,-27,0.2,tlda,0.1,7
828,sine,-27,0.2,tlda,0.15,8
829,sine,-27,0.2,tlda,0.05,9
830,sine,-27,0.3,tlda,0.05,0
831,sine,-27,0.3,tlda,0.05,1
832,sine,-27,0.3,tlda,0.0,2
833,sine,-27,0.3,tlda,0.05,3
834,sine,-27,0.3,tlda,0.2,4
835,sine,-27,0.3,tlda,0.05,5
836,sine,-27,0.3,tlda,0.1,6
837,sine,-27,0.3,tlda,0.15,7
838,sine,-27,0.3,tlda,0.15,8
839,sine,-27,0.3,tlda,0.1,9
840,sine,-28,0.1,tlda,0.05,0
841,sine,-28,0.1,tlda,0.2,1
842,sine,-28,0.1,tlda,0.05,2
843,sine,-28,0.1,tlda,0.05,3
844,sine,-28,0.1,tlda,0.2,4
845,sine,-28,0.1,tlda,0.1,5
846,sine,-28,0.1,tlda,0.05,6
847,sine,-28,0.1,tlda,0.1,7
848,sine,-28,0.1,tlda,0.1,8
849,sine,-28,0.1,tlda,0.15,9
850,sine,-28,0.2,tlda,0.05,0
851,sine,-28,0.2,tlda,0.15,1
852,sine,-28,0.2,tlda,0.0,2
853,sine,-28,0.2,tlda,0.05,3
854,sine,-28,0.2,tlda,0.15,4
855,sine,-28,0.2,tlda,0.05,5
856,sine,-28,0.2,tlda,0.05,6
857,sine,-28,0.2,tlda,0.1,7
858,sine,-28,0.2,tlda,0.15,8
859,sine,-28,0.2,tlda,0.05,9
860,sine,-28,0.3,tlda,0.05,0
861,sine,-28,0.3,tlda,0.05,1
862,sine,-28,0.3,tlda,0.0,2
863,sine,-28,0.3,tlda,0.05,3
864,sine,-28,0.3,tlda,0.2,4
865,sine,-28,0.3,tlda,0.05,5
866,sine,-28,0.3,tlda,0.1,6
867,sine,-28,0.3,tlda,0.1,7
868,sine,-28,0.3,tlda,0.15,8
869,sine,-28,0.3,tlda,0.1,9
870,sine,-29,0.1,tlda,0.05,0
871,sine,-29,0.1,tlda,0.2,1
872,sine,-29,0.1,tlda,0.05,2
873,sine,-29,0.1,tlda,0.05,3
874,sine,-29,0.1,tlda,0.2,4
875,sine,-29,0.1,tlda,0.1,5
876,sine,-29,0.1,tlda,0.05,6
877,sine,-29,0.1,tlda,0.1,7
878,sine,-29,0.1,tlda,0.1,8
879,sine,-29,0.1,tlda,0.15,9
880,sine,-29,0.2,tlda,0.05,0
881,sine,-29,0.2,tlda,0.15,1
882,sine,-29,0.2,tlda,0.0,2
883,sine,-29,0.2,tlda,0.05,3
884,sine,-29,0.2,tlda,0.15,4
885,sine,-29,0.2,tlda,0.05,5
886,sine,-29,0.2,tlda,0.05,6
887,sine,-29,0.2,tlda,0.1,7
888,sine,-29,0.2,tlda,0.15,8
889,sine,-29,0.2,tlda,0.05,9
890,sine,-29,0.3,tlda,0.05,0
891,sine,-29,0.3,tlda,0.05,1
892,sine,-29,0.3,tlda,0.0,2
893,sine,-29,0.3,tlda,0.05,3
894,sine,-29,0.3,tlda,0.2,4
895,sine,-29,0.3,tlda,0.05,5
896,sine,-29,0.3,tlda,0.05,6
897,sine,-29,0.3,tlda,0.1,7
898,sine,-29,0.3,tlda,0.15,8
899,sine,-29,0.3,tlda,0.1,9
900,sine,-30,0.1,tlda,0.05,0
901,sine,-30,0.1,tlda,0.2,1
902,sine,-30,0.1,tlda,0.1,2
903,sine,-30,0.1,tlda,0.05,3
904,sine,-30,0.1,tlda,0.2,4
905,sine,-30,0.1,tlda,0.1,5
906,sine,-30,0.1,tlda,0.05,6
907,sine,-30,0.1,tlda,0.1,7
908,sine,-30,0.1,tlda,0.15,8
909,sine,-30,0.1,tlda,0.1,9
910,sine,-30,0.2,tlda,0.05,0
911,sine,-30,0.2,tlda,0.15,1
912,sine,-30,0.2,tlda,0.0,2
913,sine,-30,0.2,tlda,0.05,3
914,sine,-30,0.2,tlda,0.2,4
915,sine,-30,0.2,tlda,0.05,5
916,sine,-30,0.2,tlda,0.1,6
917,sine,-30,0.2,tlda,0.1,7
918,sine,-30,0.2,tlda,0.15,8
919,sine,-30,0.2,tlda,0.05,9
920,sine,-30,0.3,tlda,0.05,0
921,sine,-30,0.3,tlda,0.05,1
922,sine,-30,0.3,tlda,0.0,2
923,sine,-30,0.3,tlda,0.05,3
924,sine,-30,0.3,tlda,0.2,4
925,sine,-30,0.3,tlda,0.05,5
926,sine,-30,0.3,tlda,0.05,6
927,sine,-30,0.3,tlda,0.1,7
928,sine,-30,0.3,tlda,0.15,8
929,sine,-30,0.3,tlda,0.1,9
930,sine,-31,0.1,tlda,0.05,0
931,sine,-31,0.1,tlda,0.2,1
932,sine,-31,0.1,tlda,0.1,2
933,sine,-31,0.1,tlda,0.05,3
934,sine,-31,0.1,tlda,0.2,4
935,sine,-31,0.1,tlda,0.1,5
936,sine,-31,0.1,tlda,0.05,6
937,sine,-31,0.1,tlda,0.1,7
938,sine,-31,0.1,tlda,0.15,8
939,sine,-31,0.1,tlda,0.1,9
940,sine,-31,0.2,tlda,0.05,0
941,sine,-31,0.2,tlda,0.15,1
942,sine,-31,0.2,tlda,0.0,2
943,sine,-31,0.2,tlda,0.05,3
944,sine,-31,0.2,tlda,0.2,4
945,sine,-31,0.2,tlda,0.05,5
946,sine,-31,0.2,tlda,0.1,6
947,sine,-31,0.2,tlda,0.1,7
948,sine,-31,0.2,tlda,0.1,8
949,sine,-31,0.2,tlda,0.05,9
950,sine,-31,0.3,tlda,0.05,0
951,sine,-31,0.3,tlda,0.05,1
952,sine,-31,0.3,tlda,0.0,2
953,sine,-31,0.3,tlda,0.05,3
954,sine,-31,0.3,tlda,0.2,4
955,sine,-31,0.3,tlda,0.05,5
956,sine,-31,0.3,tlda,0.05,6
957,sine,-31,0.3,tlda,0.1,7
958,sine,-31,0.3,tlda,0.2,8
959,sine,-31,0.3,tlda,0.1,9
